"b""Every day for the next year, do at least one thing that pulls you out of your comfort zone.\n\nAfter 365 days, you'll acquire the courage, boldness and grit it takes to be a true entrepreneur.\n\n#Entrepreneurship\n#entrepreneurlife\n#success\n#passion\n#goals https://t.co/jb8Yyg2e5A"""
"b'RT @gectouch: You don\xe2\x80\x99t learn to walk by following rules. You learn by doing and falling over.\xe2\x80\x9d\xc2\xa0\xe2\x80\x95\xc2\xa0Richard Branson, founder of Virgin Group\xe2\x80\xa6'"
b'Patent attorney Liverpool - Meyer West IP - Hot Free List - Free Classified Ads #engineer #xxxtentacion #small#business #goals #migos #travisscott #entrepreneurlife #nickiminaj #datascience #machinelearning #artificialintelligence #marketingonline #apple\xe2\x80\xa6 https://t.co/cg9grrzb0G https://t.co/vsc9oWSaSv'
"b'RT @nigeljbennett: Audiobook version of ""Take That Leap"" available now on Amazon and iTunes. All of my profits go to charity. https://t.co/\xe2\x80\xa6'"
b'Case Study: How a Media Company Grew 400% and Used SEO to Get Acquired - Moz #marketinglife #entrepreneurlife #marketingstrategy https://t.co/7w6ZNlJdph'
b'A team is made up of trust despite the difference because these different thoughts bring in loads of brain storming and successful results. #TeamworkMakesTheDreamWork #entrepreneurlife'
"b""#Mondaysforstartupheroes \nNinja Van's co-founder, Chang Wen, on How he Plans to Redefine the Delivery Industry\nhttps://t.co/WezEw8y7Ws\n#Entrepreneurship  #startups #branding #growthstrategies #entrepreneurlife #startupstories"""
b'RT @JeffreyFeldberg: 6 Things Billionaires Do To Unlock Their Sweet #Success  https://t.co/76Hhil4qhL #entrepreneurlife #entrepreneur #busi\xe2\x80\xa6'
"b'Introducing the Brand new ""OI MY SIZE!!"" Snapback,\n\nGrab yours today @\n\nUse Discount code THOR15 for 10% off =)\n\nhttps://t.co/kEi0jlPgWR\n\n#snapback #cap #mysize #badman #entrepreneurlife #hat #snapbackimport #snapbackthat #snapbackcap https://t.co/22VKgL8IK3'"
"b'""Small, Smart Choices + Consistency + Time = RADICAL DIFFERENCE""  Darren Hardy\n\n#biztips #quotes #entrepreneurlife #success #consistency\n\nhttps://t.co/FA0l8CafmC'"
"b'RT @JaneBayler: Do sharks complain about Monday? No! They\xe2\x80\x99re up early, biting stuff, chasing shit, being scary, reminding everyone they\xe2\x80\x99re\xe2\x80\xa6'"
b'RT @StartGrowthHack: 18 #business failures from successful #entrepreneurs:\n- Bill Gates\n- Arianna Huffington\n- Jeff Bezos\n- JK Rowling\n- St\xe2\x80\xa6'
b'Come on board - the ride is free but could be profitable.....\n#leader #leadership #leadershipdevelopment #leaders #boss #bosslady #bossbabe #entrepreneur #entrepreneurlife #entrepreneurship #beyourownboss\xe2\x80\xa6 https://t.co/lOkeL3xylv'
"b'Celebrating a productive work week \xf0\x9f\x92\xaa\xf0\x9f\x8f\xbe Trying to get out more , pray for me\xf0\x9f\x98\xa9\xf0\x9f\x98\x82 #selfcare #gratitude #styledbydonb #entrepreneurlife #stylist #DGevents #workhardplayhard https://t.co/0BBrknaWDS'"
b'I should have added these pics to my last post. Oh well now you have to like both of them. Lol HAPPY FUNDAY SUNDAY\n\n#entrepreneurlife #dallasentrepreneur #strongwomen #dallastexas #womenempowerment @ Hebron 121 Station https://t.co/7xKkr74iwv'
"b""There's nothing like coming home to your best friend. \n#cats #work\xc2\xa0#djlifestyle #dictabeat #professordictabeat #profdictabeat #nightlife #weddingdj #clubdj\xc2\xa0 #entrepreneurlife #entrepreneur #music #love\xe2\x80\xa6 https://t.co/I7E2RLoBz4"""
"b'\xe2\x80\x9cI fear not the man who has practiced 10,000 kicks once, but I fear the man who has practiced one kick 10,000 times.\xe2\x80\x9d -#brucelee \n\nI\xe2\x80\x99m getting my reps in so you\xe2\x80\x99ll know it wasn\xe2\x80\x99t an accident that I got to the top  of the mountain.  #grind #grit #ProWrestling #entrepreneurlife https://t.co/EbEB7xUJn1'"
b'No Time From Your Golden Handcuffs? Do These 5 Things (Right Now)  https://t.co/15lBopKDcQ #entrepreneurlife #entrepreneur #business'
b'WHEN THE DECISION IS MADE \n\nYou are one decision away from your dream.\n\nDeciding to do one thing every day that gets you closer to your dream.\n\n#StartYourImpossible\n#EntrepreneurLIFE\n#SuccessTRAIN https://t.co/buYmzCarIC'
"b'RT @NaheedZamanUA: \xf0\x9f\x8c\x9f Look for simplicity in life, it will ease the stress and struggle.  The more things you take on the more stress that c\xe2\x80\xa6'"
b'RT @JeffreyFeldberg: Do You Know How To Find And Solve Business Blind Spots So You Can Retire Rich And Happy? https://t.co/M63YA4Y2kd #entr\xe2\x80\xa6'
b'Don\xe2\x80\x99t you want some?? \n#leader #leadership #leadershipdevelopment #leaders #boss #bosslady #bossbabe #entrepreneur #entrepreneurlife #entrepreneurship #beyourownboss #beyourownbosslady #yoga #yogamom #yogalife\xe2\x80\xa6 https://t.co/19QEEEihkw'
b'How to Reach Your #Goals\n\n@thestartup_ #LifeLessons #Life #Motivation #Productivity #startup #Purpose #success #business #successful #hustle #wealth #grind #motivational #ambition #hardwork #mindset #inspire #dreams #workhard #entrepreneurlife #boss\nhttps://t.co/p5DObaACJ3'
b'Do You Know How To Find And Solve Business Blind Spots So You Can Retire Rich And Happy? https://t.co/M63YA4Y2kd #entrepreneurship #entrepreneurlife #smallbusiness'
b'RT @JeffreyFeldberg: Want To Be #Successful And Happy? Combine Your Passion And Belief  https://t.co/UKJ6Ta7mE1 #entrepreneurlife #entrepre\xe2\x80\xa6'
"b'RT @nehadivanji: Now or Never...Ready, Steady, Go! \n\n#motivation #love #work #working #entrepreneurship #success #business #hustle #marketi\xe2\x80\xa6'"
"b'@bouncepreneurs #Failure can be a great teacher, but don\xe2\x80\x99t let it become your master.\xe2\x80\x9d Michael Allen Bouncepreneurs #bouncepreneurs #tip57 #spitfire #fearoffailure #fears #failfast #startup #startups #entrepreneurs #mastery #masters #entrepreneurlife https://t.co/OzKpILLxy8'"
b'RT @2yourfreedom: You must make the positive changes for positive results....\n#leader #leadership #leadershipdevelopment #leaders #boss #bo\xe2\x80\xa6'
b'You must make the positive changes for positive results....\n#leader #leadership #leadershipdevelopment #leaders #boss #bosslady #bossbabe #entrepreneur #entrepreneurlife #entrepreneurship #beyourownboss\xe2\x80\xa6 https://t.co/mFvA1cHHvU'
b'Having dinner in one of my favorites restaurants. Highly recommend. Anyone for dinner!!#makeover #m #entrepreneurlife #entrepreneur #lovequotes #lovequotesforher #markmounierspublicfigure #markmouniers #ireland\xe2\x80\xa6 https://t.co/DwqQCVB7ti'
"b'Sometimes we\xe2\x80\x99re tired, but we have to push through. This characteristic is vital to become successful. #naturephotography #entrepreneurlife #hustle #grind #socialmedia #sunday\n#newmusic #college #siliconvalley\xe2\x80\xa6 https://t.co/0DN52S4y5C'"
b'RT @mostylescrypto: Digital Marketing Skills\n#marketing #digitalmarketing\n#marketingstrategy #marketingtips\n#marketingagency #marketingidea\xe2\x80\xa6'
b'Double tap if you agree on this one!! #themillionairesmotivation .\n.\n.\n\n#hustle #hardwork #entrepreneurquotes #successquote #entrepreneurlife #entrepreneurlifestyle #entrepreneurs #successmindset #motivationquotes #millionairementor #luxurylife #luxuryli\xe2\x80\xa6 https://t.co/bG5r2idt53 https://t.co/InSex80hov'
"b'""Entrepreneurship is neither a science nor an art. It is a practice."" \nPeter Drucker \n\n#entrepreneurlife #FemaleEntrepreneur #homebiz'"
b'RT @DonaDeane: How to Use Podcasting to Help Your Brand\xc2\xa0\n\nhttps://t.co/Dt59BTrQXU \n#entrepreneur #business #motivation #success #entreprene\xe2\x80\xa6'
b'How to Use Podcasting to Help Your Brand\xc2\xa0\n\nhttps://t.co/Dt59BTrQXU \n#entrepreneur #business #motivation #success #entrepreneurship #entrepreneurlife #marketing #smallbusiness #love #startup #inspiration #money #hustle #businessowner #StrikeNetworkGroup #donamdeane https://t.co/8wiftDeUo7'
"b'RT @NaheedZamanUA: \xf0\x9f\x8c\x9f Look for simplicity in life, it will ease the stress and struggle.  The more things you take on the more stress that c\xe2\x80\xa6'"
b'Digital Marketing Skills\n#marketing #digitalmarketing\n#marketingstrategy #marketingtips\n#marketingagency #marketingideas\n#motivation #entrepreneur #entrepreneurlife #business #success #motivationquote #hustle #nextlevel #ai #technology #tech #motivation #lifestyle #money #finance https://t.co/q73fGl4i7f'
b'Feel put together and productive with this 5 minute makeup routine from @lapagemakeup!! \xf0\x9f\x92\x84 https://t.co/Z5gsU3wxpj #workfromhome #entrepreneurlife #makeuptutorial https://t.co/X41Xufu9UE'
b'7 Powerful Ways to Create a Breakthrough #Morning #Routine \n\n#Productivity #Meditation #Exercise #SelfImprovement #LifeLessons #success #hustle #wealth #startup #grind #motivational #ambition #entrepreneurlife #hardwork #hardestworkerintheroom #aimhigh\nhttps://t.co/ZJTMvWM6ZW'
b'RT @Iammdsohag: START YOUR DAY WITH MOTIVATION. #SundayMotivation #SundayThoughts #inspirational #hardworkpaysoff #leadership #inspiration\xe2\x80\xa6'
"b'As a creature, man painfully feels his limits not only in ""limited circumstances"" of his life, but especially, permanently referring to infinity, through his attempt to overcome himself...\n\nhttps://t.co/bqyMLuoW6d\n\n#Limitless #perspective #meaningful #entrepreneurlife #success https://t.co/QuT10EcMfW'"
b'And you may have thought you would never need an attorney!!!\nLink (https://t.co/HzNvb3yDkT)\n\n#leader #leadership #leadershipdevelopment #leaders #boss #bosslady #bossbabe #entrepreneur #entrepreneurlife\xe2\x80\xa6 https://t.co/8ExzQxlP5X'
b'Happy Sunday!! Just want to tell you that YOU ARE ENOUGH!! don\xe2\x80\x99t allow people to impose their fears and limited beliefs on you. GO OUT THERE AND DO IT!!! #entrepreneurlife #mompreneur #womaneur #fabwife\xe2\x80\xa6 https://t.co/bA3wBTvU0I'
b'RT @bruinengineer: Tonight will be my first Game of Thrones episode since the very first one \xf0\x9f\x98\x82\xf0\x9f\x98\x82\xf0\x9f\x98\x82 #LifeHack #Start4CompaniesWhileTheWorldWat\xe2\x80\xa6'
b'#quote that caught our attention #MondayMotivaton by @Forbes #entrepreneurlife #smallbusiness #consulting #strategy #consultingfirm https://t.co/KA82Sf9Sh5'
"b'Pray without ceasing, we all need it #lifecoach #author #bosslady #goaldigger #womenempowerment #singlemommotivator #motivation #femalepreneur #entrepreneurlife #success #dailyparenting #womeninbusiness #women\xe2\x80\xa6 https://t.co/nQ1u3lzAap'"
"b'RT @nehadivanji: Now or Never...Ready, Steady, Go! \n\n#motivation #love #work #working #entrepreneurship #success #business #hustle #marketi\xe2\x80\xa6'"
b'RT @JeffreyFeldberg: Selling Your Business? 5 Mistakes To Never Ever Make  https://t.co/db4Gbf7ilz #entrepreneurlife #entrepreneur #business'
"b""13 Billionaire Tips Your Competition Doesn't Want You To Know  https://t.co/pDvM17hweV #entrepreneurlife #entrepreneur #business"""
b'2nd Floor Addition is Framing Up Greatly and Interior Layout for 2nd Master in the Home is Set with Stairs!! \xf0\x9f\x98\x81 #entrepreneurlife #InvestmentClub360 #IC360 #RealSimple #Dallas #DFW #Texas #Downtown #HGTVsaiditwaseasy #Developer #NewAddition #FixandFlip  #Framing  #DaMayors https://t.co/bjHb0gDsHK'
b'Sick And Tired Of Losing? Dominate And Win When You Compete Against Yourself https://t.co/cfQNLlclXj #exitplanning #entrepreneurlife https://t.co/3AHQj1s7h4'
b'PART 2 of #DaygoStreetz \nFull interview https://t.co/EGUrCC4et5\n#americasfinestcity #sandiego #entrepreneurs #entrepreneurquotes #entrepreneurship #entrepreneurgoals #entrepreneurmindset #entrepreneurlife\xe2\x80\xa6 https://t.co/UtWqCTo2NK'
b'PART 2 of #DaygoStreetz \nFull interview https://t.co/EGUrCClPkD\n#americasfinestcity #sandiego #entrepreneurs #entrepreneurquotes #entrepreneurship #entrepreneurgoals #entrepreneurmindset #entrepreneurlife\xe2\x80\xa6 https://t.co/STCTLixYUu'
"b'Pt. 3 of Daygo Streetz ""Homeless &amp; in love""\n\n#daygostreetz #entrepreneurlife #entrepreneurship #film #filmmaking #films #documentary #documentaryfilm #entrepreneur #entrepreneurs #relationshipgoals\xe2\x80\xa6 https://t.co/INKoekq9B4'"
b'RT @mlunaparla: Life is made of little moments and is up to us to seize each one of them and have fun along the journey! #entrepreneurlife\xe2\x80\xa6'
b'RT @mlunaparla: Life is made of little moments and is up to us to seize each one of them and have fun along the journey! #entrepreneurlife\xe2\x80\xa6'
b'RT @mlunaparla: Life is made of little moments and is up to us to seize each one of them and have fun along the journey! #entrepreneurlife\xe2\x80\xa6'
b'5 Things About Using A Backup Plan That Will Blow Your Mind https://t.co/hDnrFSo3nq #entrepreneurship #entrepreneurlife #smallbusiness'
"b""Why are you an entrepreneur? This is definitely worth a read. For us, it's about challenge, making a difference to people, realising a dream, and being there for our children. #MyWhy #entrepreneurlife https://t.co/4IA26Ceen5"""
b'Life is made of little moments and is up to us to seize each one of them and have fun along the journey! #entrepreneurlife #womaninaction @WIACON Thanks for the invite to speak! #WomenSupportingWomen https://t.co/7koY1ZtS5U'
b'***LATEST POST***  3 Simple Ways to Clear Your Mind and Reduce Stress\n\nhttps://t.co/APUPRENO5p\n\n#EntrepreneurLife #lifelessons #Startup #wisdom #Startuplife #Succeed #life #Entrepreneur #belief #Entrepreneurship #hustle https://t.co/e4UOvYYJac'
b'It\xe2\x80\x99s simple Business practices to live by #theprofit @marcuslemonis #entrepreneur #entrepreneurlife #hustle #hustlers https://t.co/gzOGCztlx4'
b'The subtle difference between being busy and being productive that you might have missed \xf0\x9f\x91\x89\xf0\x9f\x8f\xbb https://t.co/6xglzqzh8D #productivity #entrepreneurlife #smallbiz https://t.co/ydCmvTDhN2'
b'RT @eleanorbeaton: Lessons from Reviewing my 2017 Financials https://t.co/4iOzAglIJ0 #working #grind #founder #startup #money #magazine #mo\xe2\x80\xa6'
b'RT @2TALLINmania: My TO DO List is always evolving and changing but the daily routine of checking off the things I want to get done will ne\xe2\x80\xa6'
b'RT @cooks_catering: The Young CEO\xe2\x80\x99S of @cooks_catering \xf0\x9f\x92\x99\xf0\x9f\x92\x99\xe2\x9c\x8d\xf0\x9f\x8f\xbd Build an empire 1 by 1\xf0\x9f\x8f\x81\xf0\x9f\x8f\x81 #entrepreneurlife #kidsbusiness #familygoals #cookscat\xe2\x80\xa6'
b'The Young CEO\xe2\x80\x99S of @cooks_catering \xf0\x9f\x92\x99\xf0\x9f\x92\x99\xe2\x9c\x8d\xf0\x9f\x8f\xbd Build an empire 1 by 1\xf0\x9f\x8f\x81\xf0\x9f\x8f\x81 #entrepreneurlife #kidsbusiness #familygoals #cookscatering #pgh #pittsburgh #blackbusiness https://t.co/BvXsb1ausf'
"b""RT @michael_pasha: What's it like to work with your significant other? @JohnLeeDumas tells it all about how he and @Katelerickson go about\xe2\x80\xa6"""
b'Lessons from Reviewing my 2017 Financials https://t.co/4iOzAglIJ0 #working #grind #founder #startup #money #magazine #moneymaker #startuplife #successful #passion #podcast #entrepreneur  #ambition #entrepreneurs #entrepreneurship #entrepreneurlife #business'
"b'KEEP TRYING\n\nNo matter how many mistakes you make or how slow you progress, you are still way ahead of everyone who isn\xe2\x80\x99t trying.\n\n#StartYourImpossible\n#EntrepreneurLIFE\n#LifeLessons'"
b'RT @I_amLyricist: Woke up this morning and I decided to take a step towards starting another business but in the fitness industry. More inf\xe2\x80\xa6'
b'Why You Will Crush It When You Compete Against Yourself https://t.co/ciuO8KNQmc #exitplanning #entrepreneurlife https://t.co/tcvnTJtJa9'
b'RT @kirby_usa: Happy Sunday! #RobertRedford Happy Birthday! Barefoot in #CentralPark!   #ThinkBIGSundayWithMarsha \n#SundayThoughts #Motivat\xe2\x80\xa6'
b'Do You Know The 5 Ways A Mastermind Group Helps You Win? https://t.co/w6Bhlyujdr #exitplanning #entrepreneurlife https://t.co/nm9VooIZUG'
b'RT @kirby_usa: Happy Sunday! #RobertRedford Happy Birthday! Barefoot in #CentralPark!   #ThinkBIGSundayWithMarsha \n#SundayThoughts #Motivat\xe2\x80\xa6'
b'Do You Know The 5 Ways A Mastermind Group Helps You Win? https://t.co/w6Bhlyujdr #exitplanning #entrepreneurlife https://t.co/D7Z1DQ3eow'
b'RT @kirby_usa: Happy Sunday! #RobertRedford Happy Birthday! Barefoot in #CentralPark!   #ThinkBIGSundayWithMarsha \n#SundayThoughts #Motivat\xe2\x80\xa6'
b'Happy Sunday! #RobertRedford Happy Birthday! Barefoot in #CentralPark!   #ThinkBIGSundayWithMarsha \n#SundayThoughts #Motivation #Success #Hustle  #SundayFunday #entrepreneurlife #interiors #successful #motivate #freelance #successmindset #businesspassion #selfgrowth #DreamBig https://t.co/VA82HatPfg'
"b'RT @uKheshe: Get down to @PicknPay and get your own #ukheshe Masterpass QR payment card , no bank account needed !!   FSP 45133 T&amp;C\xe2\x80\x99s #entr\xe2\x80\xa6'"
"b'Now or Never...Ready, Steady, Go! \xe2\x81\xa0\xe2\xa0\x80\n\xe2\x81\xa0\xe2\xa0\x80\n#motivation #love #work #working #entrepreneurship #success #business #hustle #marketing #businessowner #entrepreneurlife #inspiration #startuptips #startuplife\xe2\x80\xa6 https://t.co/XwKWii7rVu'"
"b'Now or Never...Ready, Steady, Go! \n\n#motivation #love #work #working #entrepreneurship #success #business #hustle #marketing #businessowner #entrepreneurlife #inspiration #startuptips #startuplife #startupbusiness #startupstory #startupideas #startupnation #startupworld https://t.co/d6x1GTBpZp'"
b'3 Mental Habits of the Feeble Minded https://t.co/Oh9zoe648w #grind #founder #startup #money #moneymaker #startuplife #successful #motivation #entrepreneur #entrepreneurs  #entrepreneurship #entrepreneurlife #business #businessman #businessowner  #ambition'
"b""I'm done ... let the bells ring!\n\nMy new and old love L-L+ \xf0\x9f\xa4\x97\xf0\x9f\x98\x8d\n\n#lashes #lashlife #lashartist #lashrefill #lashartistnj #entrepreneurlife #njbabesinbusiness #njlashes #eyelashextensions #njlashartist #esthetician\xe2\x80\xa6 https://t.co/bR8gOK0GLl"""
"b'Want to build your new software idea? We build quality custom software at low cost, check out our transparent pricing on our web-site\xf0\x9f\x93\xb2 \xf0\x9f\x92\xa5\xe2\xa0\x80\n\xe2\xa0\x80\n#quoteoftheday #entrepreneurlife #lifequotes #smallbusiness #photooftheday #socialmediamarketing #millionaire #lovequotes #businessowner https://t.co/8uQYTWN4kI'"
"b'Don\'t Miss ""The #Entrepreneur Who Generated 1 Million Followers in 30 Days w/ Brendan Kane\n\nHe shares how he did it and what he has learned on his #entrepreneurship journey\n\nListen Weds @ https://t.co/FLCwYBBPqJ\n\n#Entrepreneurship #Motivation #EntrepreneurLife https://t.co/MPh4HHFBc3'"
b'RT @JeffreyFeldberg: 5 Reasons Why You Should Quit To Win https://t.co/bub1vaTqay #entrepreneurship #entrepreneurlife #smallbusiness'
b'So many good things going on for everyone! New stylist rebate ends tonight and B*O*G*O necklaces ends tomorrow!  Click link in bio to \xf0\x9f\x9b\x92 or join as a stylist! #styleforasteal #mompreneur #entrepreneurlife #stylist\xe2\x80\xa6 https://t.co/k0wiWANvsr'
b'RT @JeffreyFeldberg: 5 Reasons You Need To Join A Mastermind Group https://t.co/KVE94SvQpK #entrepreneurship #entrepreneurlife #smallbusine\xe2\x80\xa6'
"b'RT @tryinteract: Great list by @TheRyanRobinson - all the tools you need to have a great high performing website. And yes, welcome to the 2\xe2\x80\xa6'"
b'5 Reasons You Need To Join A Mastermind Group https://t.co/KVE94SvQpK #entrepreneurship #entrepreneurlife #smallbusiness'
b'End your #fear &amp; START DOING. That\xe2\x80\x99s when u really start #learning . #personaltrainer #personaltraining #pt #cpt #fitfam #fitspo #InternetMarketing #WorkLifeBalance #smallbusinessowner #networkmarketing #networking #socialmediamarketing #OnlineMarketing #entrepreneurlife #garyvee https://t.co/pCjtP434bH'
"b'RT @eleanorbeaton: The more you trust your instincts, the more effective you become. https://t.co/pw0hFDIpFl #womeninbusiness #Leadership #\xe2\x80\xa6'"
"b'This week, we gave the Proust Questionnaire to Beas Sandeep Pachpande, ASM Group of Institutes to get to know more about his idea of perfect happiness, overrated virtue, greatest achievement and much more.\n\n#Entrepreneurship #entrepreneurlife \n https://t.co/XnQIIYLEE9'"
"b'The more you trust your instincts, the more effective you become. https://t.co/pw0hFDIpFl #womeninbusiness #Leadership #PublicSpeaking #Risk #Podcast #working #grind  #founder #startup #money #successful #hardwork #entrepreneur #entrepreneurlife #business #businessowner #ambition'"
b'5 Reasons Why You Should Quit To Win https://t.co/bub1vaTqay #entrepreneurship #entrepreneurlife #smallbusiness'
b'RT @CQoffice: Is an #office a physical need and really essential to your business or are there other options? #entrepreneurlife #EastMidsHe\xe2\x80\xa6'
b'RT @CingaSikwebu: THANK YOU @IAAE_SA \n#IAAEEL19 #whyme #entrepreneurlife \nUntil Next Year!!\xf0\x9f\x91\x91\xf0\x9f\x8e\x88 https://t.co/ZqkBLOlwor'
b'This is my clients and I all day #SundayMorning #SundayThoughts #SundayMotivation #SundayFunday #work #workfromanywhere #Entrepreneur #entrepreneurlife #letsdominate https://t.co/uDH9IjbDYv'
b'THANK YOU @IAAE_SA \n#IAAEEL19 #whyme #entrepreneurlife \nUntil Next Year!!\xf0\x9f\x91\x91\xf0\x9f\x8e\x88 https://t.co/ZqkBLOlwor'
b'It\xe2\x80\x99s really easy to knock that laziness outta yourself when you know there are people counting on you!\n\nPosted withrepost \xe2\x80\xa2 @gotrends \xf0\x9f\x91\x8a\xf0\x9f\x8f\xbe\xe2\x9c\xa8\xf0\x9f\x8f\x86 No slacker behavior #greatmorning\n\n#MyHustleIsMyPassion \xf0\x9f\x92\xaa\xf0\x9f\x8f\xbe\n#entrepreneurlife\xe2\x80\xa6 https://t.co/vMM3jC4e0t'
b'RT @RahkeemTheDream: Come shop with me\xe2\x80\xbcI ship worldwide\xf0\x9f\x8c\x8e $50 purses please retweet and support my business\n#entrepreneurlife \n#bossmoves \n#\xe2\x80\xa6'
"b'RT @Arunmbakvp: Being deeply #loved by someone gives you #strength, while loving someone deeply gives you #courage..... #truelove #family #\xe2\x80\xa6'"
"b'Being deeply #loved by someone gives you #strength, while loving someone deeply gives you #courage..... #truelove #family #relationships #entrepreneur #entrepreneurs #entrepreneurlife #entrepreneurwisdom #leadership #life #motivation #success #positiveattitude #positivemindset'"
b'Come shop with me\xe2\x80\xbcI ship worldwide\xf0\x9f\x8c\x8e $50 purses please retweet and support my business\n#entrepreneurlife \n#bossmoves \n#blackhistorymonth \n#designerwanted https://t.co/Dw9YdDZNpH'
b'For me  an entrepreneur = sacrifice + hard work #entrepreneurlife https://t.co/rt6cjAadZl'
b'Some writing from a new location today. #myrtlebeach2019 #entrepreneurlife #writing @ 2Nd Ave Peir Myrtle Beach https://t.co/ZSqkw1byS3'
b'RT @VukaniNxumalo: START YOUR IMPOSSIBLE\n\nGrowth can be painful\nChange can be painful\nBut nothing is as painful as staying stuck in the sam\xe2\x80\xa6'
"b'""Too big to fail"" would never apply to entrepreneurship? It can actually happen to anyone. \n\n[The Anatomy of a 7-Figure Entrepreneur\'s Mindset]\n\nhttps://t.co/QoRnUif7Ox\n\n#learnfromothers #teachablemoment #entrepreneurlife https://t.co/bZJkLApwjx'"
b'RT @VukaniNxumalo: START YOUR IMPOSSIBLE\n\nGrowth can be painful\nChange can be painful\nBut nothing is as painful as staying stuck in the sam\xe2\x80\xa6'
"b'RT @ReneeDonnelly_: I\xe2\x80\x99m the girl on the moon.  Can\xe2\x80\x99t bring me down. Pitching to you, now I\xe2\x80\x99m in your dreams. #startuplife #entrepreneurlife\xe2\x80\xa6'"
"b'RT @VukaniNxumalo: The human being is made to be happy, healthy, and in a way prosperous.\n\n#StartYourImpossible\n#EntrepreneurLIFE\n#SuccessT\xe2\x80\xa6'"
"b""RT @teamadmp: ** Why you should FIRE your Community Manager, Today !!? Here's the beginning of an answer ! :)) - \xf0\x9f\x98\x8e \xf0\x9f\x98\x8d \xf0\x9f\x98\x8e \n#startup #entrepren\xe2\x80\xa6"""
b'How A Zero-Based\xef\xbf\xbd Calendar Can Supercharge Your Productivity https://t.co/St8uZ6pdz8 #entrepreneurship #entrepreneurlife #smallbusiness'
"b'RT @VukaniNxumalo: The human being is made to be happy, healthy, and in a way prosperous.\n\n#StartYourImpossible\n#EntrepreneurLIFE\n#SuccessT\xe2\x80\xa6'"
b'Anatomy of an entrepreneur\n#Entrepreneur #entrepreneurlife #entrepreneurs #business #businessowner #BusinessMan #businessgrowth #businessintelligence #SEO https://t.co/ejSjMuNpHf'
"b'RT @VukaniNxumalo: You earn joy, it is not a human right.\nYou attain success, it is not a human quality.\n\n#StartYourImpossible\n#Entrepreneu\xe2\x80\xa6'"
"b'RT @VukaniNxumalo: You earn joy, it is not a human right.\nYou attain success, it is not a human quality.\n\n#StartYourImpossible\n#Entrepreneu\xe2\x80\xa6'"
"b'Our goals should challenge us, but not so challenging that it is impossible to accomplish.\n\n#success #business #entrepreneurship #startup #socialmediamarketing #branding #advertising #progress #entrepreneurlife https://t.co/CU1CuAOP4n'"
b'Selling Your Business? 5 Mistakes To Never Ever Make  https://t.co/db4Gbf7ilz #entrepreneurlife #entrepreneur #business'
b'RT @JeffreyFeldberg: Want To Be #Successful And Happy? Combine Your Passion And Belief  https://t.co/UKJ6Ta7mE1 #entrepreneurlife #entrepre\xe2\x80\xa6'
"b'Just realised I need to do more ""single people things"", whatever those are\n\nI need to learn living in the moment. Living in the future has so much anxiety one might not even survive it to see the future\n\n#entrepreneurlife https://t.co/LP4YNWaNQN'"
"b""Come on boys and girls, the topic is the $8 billion dollar black hair care industry...you in?\nI'm selling products and recruiting for partnerships. Free opportunity\n#entrepreneurs #entrepreneurlife https://t.co/07oGaQFQBr"""
b'Want To Be #Successful And Happy? Combine Your Passion And Belief  https://t.co/UKJ6Ta7mE1 #entrepreneurlife #entrepreneur #business'
"b'RT @DonaDeane: This 31-year-old sold $700,000 of stuff online without buying any inventory\xc2\xa0\n\nhttps://t.co/tPNg3Kw6cZ\xc2\xa0 \xc2\xa0\n\n#entrepreneur #bus\xe2\x80\xa6'"
"b'This 31-year-old sold $700,000 of stuff online without buying any inventory\xc2\xa0\n\nhttps://t.co/tPNg3Kw6cZ\xc2\xa0 \xc2\xa0\n\n#entrepreneur #business #motivation #entrepreneurship #entrepreneurlife #marketing #smallbusiness #love #startup\n\xc2\xa0#businessowner #StrikeNetworkGroup #donamdeane https://t.co/065Q1SlsOI'"
b'#3 more efficiently.\n\xe2\x9c\x94\xef\xb8\x8fYou never stop learning.\n\n#millionairemoves #eagle #entrepreneurlife #entrepreneurship  #motivation  #business #lifestyle #bisnisanakmuda #bisnis #bisnissukses #wirausahamuda #pengusaha #pengusahasukses #belajarbisnis #belajarbisnispemula #motivasibisnis https://t.co/OYpxkEPa7w'
"b'RT @TheCatalyst_Kid: ""Everybody has Demons. Those Demos can destroy you or push you forward"" - Alfie Best\n\n#Quoteoftheday #Inspirationalquo\xe2\x80\xa6'"
b'Which one is best for your business? #prtips #startups #smallbusiness #entrepreneurlife https://t.co/fZ7vDOC20h'
b'RT @2TALLINmania: Give LIFE A chance! \n#entrepreneurs #entrepreneurship #entrepreneurlife #business #businessman #quoteoftheday #businesswo\xe2\x80\xa6'
b'RT @Just1Pr: We approve of this message \xf0\x9f\x99\x8f\xf0\x9f\x8f\xbd #happysunday \n.\n.\n.\n.\n#publicist #entrepreneur #prlife\xc2\xa0 #entrepreneurlife #women #pr #womanentre\xe2\x80\xa6'
b'Selling Your Business Secrets: 5 Things You Must Do (Right Now)  https://t.co/R62PdaEOTd #entrepreneurlife #entrepreneur #business'
b'RT @ExpressText: 25 effective ways to build brand awareness\nhttps://t.co/DYKa5IEQHo\n\n#contentmarketing #digitalmarketing #marketingstrategy\xe2\x80\xa6'
"b'You earn joy, it is not a human right.\nYou attain success, it is not a human quality.\n\n#StartYourImpossible\n#EntrepreneurLIFE\n#SuccessTRAIN\n#LifeLessons https://t.co/KpBFViIO26'"
b'We approve of this message \xf0\x9f\x99\x8f\xf0\x9f\x8f\xbd #happysunday \n.\n.\n.\n.\n#publicist #entrepreneur #prlife\xc2\xa0 #entrepreneurlife #women #pr #womanentrepreneur #happiness #publicrelations #pr #success  #networking #womeninbusiness\xc2\xa0 #womeninpr\xe2\x80\xa6 https://t.co/oNYc1JxFfZ'
b'RT @Photog_Geek: There will be a day where every morning I will wake up to the sounds of the ocean. \nThis I can promise you.\n#foreverontheg\xe2\x80\xa6'
b'Have a great Sunday!\n.\n.\n.\n.\n.\n#sunday #sundayvibes #coffee #music #relaxing #chill #weekend #enjoythelittlethings  #entrepreneurlife #relaxandrecharge #oakville #OakvilleMoms  #solopreneur #supportsmallbusiness\xe2\x80\xa6 https://t.co/zkeXllkrIv'
"b'RT @Mostmogul: ""Everybody has Demons. Those Demos can destroy you or push you forward"" - Alfie Best\n\n@Alfiebest33\n\n#Quoteoftheday #Inspirat\xe2\x80\xa6'"
b'25 effective ways to build brand awareness\nhttps://t.co/DYKa5IEQHo\n\n#contentmarketing #digitalmarketing #marketingstrategy #marketingtips #startup #startupbusiness #internetmarketing #successmindset #business #entrepreneurlife #goals #brandawareness #brandmarketing https://t.co/qkjR3nU2AF'
b'https://t.co/dkreQLF34x . . Your Support Can Motivate &amp; Inspire #reviewcrash \xf0\x9f\x98\x80 Hit the #Like &amp; Share it \xf0\x9f\x98\x80 . . https://t.co/dkreQLF34x . . #India #socialmedia #motivation #Hustle #lifestyle #blog #nomad #entrepreneurlife #gratitude #Inspiration https://t.co/RVYZ4b4pAp'
"b""People will treat you the way you've taught them to treat you.\nLove, respect, value, cherish and appreciate yourself, it all starts with you.\n\xf0\x9f\x93\xb8: @createcultivate\n#personalpower #MotivationMonday #entrepreneurlife https://t.co/PeH5px2fYY"""
b'The blessing of the\xc2\xa0Lord maketh rich and he addeth no sorrow! Keep focus on him and him alone \xf0\x9f\x92\xaf\xe2\x9c\x8d\xef\xb8\x8f\n.\nHappy Sunday Guys \xe2\x9d\xa4\xef\xb8\x8f\n.\n.\n.\n.\n.\n#wealthyshezzy1 #gratitude #wealth #grace #blessed #entrepreneurlife #classic @\xe2\x80\xa6 https://t.co/Jc1kYWlAyb'
b'There will be a day where every morning I will wake up to the sounds of the ocean. \nThis I can promise you.\n#foreveronthegrind #workhard #getwhatyoudeserve\n#justkeepgoing #entrepreneur #entrepreneurlife'
b'RT @MelittaCampbell: #BizTips : How do you want clients &amp; contacts to remember you? Check that the way you conduct your #business matches this so you always leave the right impression.\n\nhttps://t.co/zMtx7WL9GM\n\n#Entrepreneurlife #WorkFromHome #BossBabe \xe2\x80\xa6 https://t.co/XGEjLmO9hX'
"b""Coming up next month... #StressManagement with @SUTTONHEALTH\n.\nDon't miss it!\n#eonetwork #eonation #eodurban #eoglobal #durban #entrepreneursorganization #entrepreneurlife #entrepreneurmindset #stressrelief @ South\xe2\x80\xa6 https://t.co/M3s1Jgp7dC"""
"b""Creativity is the most important skill you can have. It's what you do with your knowledge that's going to propell you ahead.  #entrepreneurlife #HappySunday #musician #writerscommunity https://t.co/VDRaeWVGy3"""
b'#BizTips : How do you want clients &amp; contacts to remember you? Check that the way you conduct your #business matches this so you always leave the right impression.\n\nhttps://t.co/Z3fImpxEZc\n\n#Entrepreneurlife #WorkFromHome #BossBabe #Success https://t.co/ttSNURqKml'
"b'In #leadership, there are no #words more important than #trust....#sports #sportscoach #sportsleaders #sportsman #sportsleaders #entrepreneur #entrepreneurs #entrepreneurlife #entrepreneurwisdom #leaders #leadership #business #motivation #success #positiveattitude #positivemind'"
b'#People look more #attractive when they #speak about the things they are really interested in....#psychology #positivepsychology #psychologyfacts #leaders #leadership #entrepreneur #entrepreneurs #entrepreneurlife #entrepreneurwisdom #business #motivation #success'
b'How To Crush It When You Join A Mastermind Group https://t.co/wXM2Rew9pV #entrepreneurship #entrepreneurlife #smallbusiness'
b'RT @LenisseCrochet: Visit our shop https://t.co/sYPfMRbh7S Mermaid \xf0\x9f\xa7\x9c\xe2\x80\x8d\xe2\x99\x80\xef\xb8\x8f crochet bag #Mermaids #littlemermaid #rainbow #KawaiiCommunity #cut\xe2\x80\xa6'
b'Visit our shop https://t.co/sYPfMRbh7S Mermaid \xf0\x9f\xa7\x9c\xe2\x80\x8d\xe2\x99\x80\xef\xb8\x8f crochet bag #Mermaids #littlemermaid #rainbow #KawaiiCommunity #cute #lenissecrochet #etsy #etsyshop #entrepreneurlife #SundayMorning #SundayThoughts #Domingo #crochet #giftideas https://t.co/DWBnvHysh3'
b'**Career Potential in 2018.  7 tips to unlocking your potential.  Check out episode 320 of The Cool Things Entrepreneurs Do Podcast.  https://t.co/nIhf2pilP7 #entrepreneurship #entrepreneurlife https://t.co/CdzyxisjSI'
"b""Rise and shine! It's a @marilynmanson kind of morning here in my office. #MorningTunes #EntrepreneurLife https://t.co/v3DX11tKBP"""
b'RT @Tydanconsulting: Warning: Never Ask This 1 Tempting Question in a Job Interview (Especially in 2019)\n\n\xc2\xa0https://t.co/gSB4hQqsfk \n\n#busin\xe2\x80\xa6'
b'Warning: Never Ask This 1 Tempting Question in a Job Interview (Especially in 2019)\n\n\xc2\xa0https://t.co/gSB4hQqsfk \n\n#business #motivation #success #entrepreneurship #entrepreneurlife #marketing #smallbusiness #inspiration #money\xc2\xa0 #businessowner #StrikeNetworkGroup #donamdeane'
b'RT @7_overflow: Ask Questions!\n#believeinyourself #overflow #abundance #abundancemindset #persistence #entrepreneurlife #ceo #ceolife #busi\xe2\x80\xa6'
b'Ask Questions!\n#believeinyourself #overflow #abundance #abundancemindset #persistence #entrepreneurlife #ceo #ceolife #business #women #womenbusinessowners #werk #entrepreneurship https://t.co/8FHkUFMZAB'
b'Compete Against Yourself To Be Truly Successful https://t.co/rBDPVJRZUL #exitplanning #entrepreneurlife https://t.co/fy4YVkgNyo'
b'RT @JeffreyFeldberg: What Are Micro-Moments? (+How Can Your Business Utilize Them?) https://t.co/oalmtsIcEW #entrepreneurship #entrepreneur\xe2\x80\xa6'
b'RT @JeffreyFeldberg: Stop Wasting Time Cold Calling And Grow Your Profits This Way  https://t.co/DK0qwA0xeE #entrepreneurlife #entrepreneur\xe2\x80\xa6'
b'Stop Wasting Time Cold Calling And Grow Your Profits This Way  https://t.co/DK0qwA0xeE #entrepreneurlife #entrepreneur #business'
b'RT @brranson: Couple of things I look forward throughout the week:\n- taco tuesday\n- gym time\n- movie Saturday and Sunday\n- Wednesday tea (t\xe2\x80\xa6'
b'Alliance female Business Owners Community  #Entrepreneurlife\n#womeninbusiness #Georgiaishome #Ilovemylife https://t.co/GaqSBUysgg'
"b'RT @aobadairo: What does it mean to you when a man refers to his wife as his engine room? Remember, behind every successful man there is a\xe2\x80\xa6'"
"b'RT @EricaRavon: Are you setting your goals high enough?\nMost, people set realistic goals. Don\xe2\x80\x99t set realistic goals! \xe2\xa0\x80\xe2\xa0\x80\xe2\xa0\x80\xe2\xa0\x80\xe2\xa0\x80\xe2\xa0\x80\xe2\xa0\x80\xe2\xa0\x80\xe2\xa0\x80\nLesson learn\xe2\x80\xa6'"
b'What Are Micro-Moments? (+How Can Your Business Utilize Them?) https://t.co/oalmtsIcEW #entrepreneurship #entrepreneurlife #smallbusiness'
b'BEST Cigar Lighters \xf0\x9f\x94\xa5\xf0\x9f\x94\xa5\n\nReviews and tips here:  https://t.co/NP9cJYVZT8\n\n#CIGARS #cigaraficionado #cigarlife #newbie #cigaraficionado #cigar #entrepreneurs #Entrepreneur #entrepreneurlife #luxury #Leisure #millionairemindset #SundayMorning https://t.co/bbpIjGg0x7'
"b'RT @EricaRavon: Are you setting your goals high enough?\nMost, people set realistic goals. Don\xe2\x80\x99t set realistic goals! \xe2\xa0\x80\xe2\xa0\x80\xe2\xa0\x80\xe2\xa0\x80\xe2\xa0\x80\xe2\xa0\x80\xe2\xa0\x80\xe2\xa0\x80\xe2\xa0\x80\nLesson learn\xe2\x80\xa6'"
"b'Sometimes we\xe2\x80\x99re tired, but we have to push through. This characteristic is vital to become successful. #naturephotography #entrepreneurlife #hustle #grind #socialmedia #sunday\n#healthyfood #college #siliconvalley\xe2\x80\xa6 https://t.co/MV0P2RSwJi'"
b'#AFFORMATION of the Day:  Why do I love being truly happy every day? #entrepreneurlife #stressfree #youcandoit #timefreedom #succeed #afformations #inspirationquote #perspective #beherenow #believeinyourself https://t.co/2kS0kgMgHL'
b'RT @JeffreyFeldberg: 11 Questions You Should Ask If You Want To Make More Money  https://t.co/MYMJ0hwWu4 #entrepreneurlife #entrepreneur #b\xe2\x80\xa6'
b'Check out the new life lesson added.\n\nhttps://t.co/EMixwvh0ix\n\n@davidgoggins is a true influencer #entrepreneurlife #mindset'
b'Good morning to all.\n\nBe blessed today.\n\n#motivational #inspirational #successful #motivationalquotes #entrepreneurship #entrepreneurs #entrepreneurlife #businessman #businessowner #startuplife #success #businesswoman\xe2\x80\xa6 https://t.co/lxYMFIIAaE'
b'Couple of things I look forward throughout the week:\n- taco tuesday\n- gym time\n- movie Saturday and Sunday\n- Wednesday tea (tea from other countries)\n- Fridays\n\nTake time out for yourself babes!\n\n#TacoTuesday #gymtime #fridays #freelancer #entrepreneurlife'
b'What else can you add here? \xf0\x9f\x91\x87\xf0\x9f\x8f\xbb let us know \xf0\x9f\x91\x8d\xf0\x9f\x8f\xbb follow @exomoon_official now @exomoon_official \n#digitalmarketing #digitalmarketingagency #sale #motivation #sunday #entrepreneurlife #entrepreneur #expert #say #follow #exomoonthought https://t.co/wcKAWGOfGJ'
b'FREE EBOOK!! \xe2\x80\x9cHow to Blog Like an Entrepreneur\xe2\x80\x9d https://t.co/L94NDZB7ll \n\n#entrepreneurial #entrepreneurlife #freelancer #blogger #noexcuses #mindset https://t.co/PGTojvmMD9'
b'Click Here for FREE Consultation!  #entrepreneurlife https://t.co/9hWa0PbdtC'
b'11 Questions You Should Ask If You Want To Make More Money  https://t.co/MYMJ0hwWu4 #entrepreneurlife #entrepreneur #business'
b'Come visit me! Tickets are $25 https://t.co/jUe0zS5E7q\n\n#popupshopnyc #vendoreventsnyc #vendorevents #teenentrepreneur #teenentrepreneurship #entrepreneur #entrepreneurlife #tayo #tayoakc #naturalhair #nyc #nycevents #queensnyc\xf0\x9f\x97\xbd #queensnyc\xf0\x9f\x97\xbd https://t.co/gq37pLzKqj'
b'***LATEST POST***  3 Simple Ways to Clear Your Mind and Reduce Stress\n\nhttps://t.co/APUPRENO5p\n\n#EntrepreneurLife #lifelessons #Startup #wisdom #Startuplife #getitdone #Motivation #business #Inspiration #advice #Inspiration https://t.co/1CDmr54DIe'
"b'RT @TGRmovie: ""Chart a new path to success, remaking it.........."" - Arianna Huffington\n#thinkandgrowrich #success #wellbeing #wisdom #wond\xe2\x80\xa6'"
b'Uhh....Just saying...\n\n#designer #designlife #designs #designinspiration #designideas #beautifulhomes #homedecor #entrepreneurship #entrepreneurlife #momtrepreneur #worklife #worklifebalance #interiordesigner\xe2\x80\xa6 https://t.co/KTOGvwbqQT'
b'Every morning needs coffee and the news #entrepreneur #coffee #entrepreneurlife #entrepreneurship #entrepreneurgoals #smallbusiness #smallbusinesscoach #smallbusinesssupport #smallbusinessowners #smallbusinessowner\xe2\x80\xa6 https://t.co/hSejRCD2lY'
"b'On the final leg of our Scandinavian Adventure we fly from Kjeller airport in Oslo, Norway over to the Shetland Islands and land at Tingwall airport in our Cirrus SR22T private aircraft and go exploring. \n\nhttps://t.co/vLpDtxnpyR\n\n#pilot #entrepreneurlife https://t.co/HzjCWEykW7'"
b'RT @digitalshantanu: These 6 ethics can change your life. Do follow these things in your every day life and see the changes... .\n.\n.\n#entre\xe2\x80\xa6'
b'RT @digitalshantanu: These 6 ethics can change your life. Do follow these things in your every day life and see the changes... .\n.\n.\n#entre\xe2\x80\xa6'
b'These 6 ethics can change your life. Do follow these things in your every day life and see the changes... .\n.\n.\n#entrepreneur #business #motivation #success #entrepreneurship #entrepreneurlife #marketing #smallbusiness #love #startup #inspiration #money \xe2\x80\xa6 https://t.co/HhmD6MfB4g https://t.co/bcgCBmNqjJ'
b'RT @Arunmbakvp: Things #turn out best for the #people who make the #best of the way things turn out....#entrepreneur #entrepreneurs #entrep\xe2\x80\xa6'
b'RT @Arunmbakvp: Doing things that #scare you will make you #happier....#psychology #positivepsychology #psychologyfacts #leaders #leadershi\xe2\x80\xa6'
b'RT @Arunmbakvp: Nothing will #work unless you #do....#sports #sportscoach #sportsleaders #sportsman #sportsleaders #entrepreneur #entrepren\xe2\x80\xa6'
"b'RT @Arunmbakvp: I do not #believe in taking the right decision, I take a #decision and make it #right..... #selfimprovement #personaldevelo\xe2\x80\xa6'"
b'RT @Arunmbakvp: Be #yourself; everyone else is already taken....#entrepreneur #entrepreneurs #entrepreneurlife #entrepreneurwisdom #leaders\xe2\x80\xa6'
"b""Facing Extreme Competition, Here's How San Gabriel Valley And L.A. Boba #Entrepreneurs Embrace Community https://t.co/PM0ttyUuy6 #entrepreneurlife #smallbusiness @shreesha"""
b'Sometimes you just gotta walk yourself across the street!\n.\n#EntrepreneurLife #WarriorMindset #WalkItOut #PointMMA #MoneyOnMyMind #Success #Workhard #StayFocused https://t.co/llzQjCYKkA'
b'9 Things You Should Never Do If You Want To Be Rich And #Successful  https://t.co/DviYr0RZqo #entrepreneurlife #entrepreneur #business'
b'The Truth About #Success Myths (You Really Need To Know)  https://t.co/fSLVi6XQTX #entrepreneurlife #entrepreneur #business'
"b'The human being is made to be happy, healthy, and in a way prosperous.\n\n#StartYourImpossible\n#EntrepreneurLIFE\n#SuccessTRAIN\n#LifeLessons'"
"b'RT @entrepreneurfox: If nobody hates you, you are doing something wrong. #business #events #businessevent #success #entrepreneur #entrepren\xe2\x80\xa6'"
b'RT @upwardperform: Be an overcomer! #entrepreneurlife #entrepreneur #bossbabe #boss #overcome #goals #motivation #inspiration #leadership #startup #sunday #mantra https://t.co/dMxwbZmq2d'
b'Be an overcomer! #entrepreneurlife #entrepreneur #bossbabe #boss #overcome #goals #motivation #inspiration #leadership #startup #sunday #mantra https://t.co/GGZNlajeSA'
"b'""The business side of a startup needs to have a person over 30.""\n- Alex Fries, founder of Ecosystem Ventures\n\n#swissstartup #entrepreneurship #swisspreneur #businessgrowth #entrepreneurlife #entrepreneurgoals #growthmindset #hustlehard #buildyourempire #gogetter #startuplifestyle'"
b'Mindset is everything \xe2\x98\x9d\xef\xb8\x8f\nDOUBLE TAP and tell someone \xf0\x9f\x99\x8f\xf0\x9f\x8f\xbb\n#motivational #inspirational #successful #motivationalquotes #entrepreneurship #entrepreneurs #entrepreneurlife #businessman #businessowner #startuplife https://t.co/FRoAGpAicY'
b'How To Start a Startup? Begin free course now at https://t.co/kXByVtkrqU\n#Entrepreneur #entrepreneurs #Entrepreneurship #entrepreneurlife https://t.co/jRwiMfsPjy'
b'RT @Netfiregooglead: Very direct &amp; powerful women #businessgrowth #BusinessIntelligence #businesswoman #Entrepreneurship #entrepreneurlife\xe2\x80\xa6'
b'Give potential customers a great first impression every time with our call handling service \xe2\x98\x8e\xef\xb8\x8f https://t.co/WFhywJqVVu \xf0\x9f\x8c\x9f #callanswering #entrepreneurlife #startuplife #startup'
b'#RT @CrizoneBC: Where you don\xe2\x80\x99t belong you don\xe2\x80\x99t be long. \n #entrepreneurs #entrepreneurlife'
b'10 things to know before going #selfemployed - https://t.co/fTZ71ucJMb #Entrepreneur #entrepreneurlife #hustle #success #makemoney https://t.co/YCj8UFkvwN'
"b'""Don\'t be afraid to start over. This time you are not starting from scratch, you are starting from experience."" Unknown\n\n#quotes #womeninbusiness #entrepreneurlife #startover'"
b'The compound effect: The average person spends 10 years of their life watching TV. Imagine if they\xe2\x80\x99d spent those 10 years studying financial freedom instead. #financialfreedom #wealthcreation #wealthymindset #entrepreneurlife #propertysuccess https://t.co/vkYdb9eBMc'
b'7 Powerful Ways to Create a Breakthrough #Morning #Routine \n\n#Productivity #Meditation #Exercise #SelfImprovement #LifeLessons #success #hustle #wealth #startup #grind #motivational #ambition #entrepreneurlife #hardwork #hardestworkerintheroom #aimhigh\nhttps://t.co/457ctIp89Y'
b'RT @Mansadcollectns: When @house_of_anaum meets @mansadcollections you already know the combo Issa lit one \xf0\x9f\x92\xaf\xf0\x9f\x92\xaf\xf0\x9f\x92\xaf\n#fashionaddict #fashionstyle\xe2\x80\xa6'
"b'RT @uKheshe: Get down to @PicknPay and get your own #ukheshe Masterpass QR payment card , no bank account needed !!   FSP 45133 T&amp;C\xe2\x80\x99s #entr\xe2\x80\xa6'"
b'Where you don\xe2\x80\x99t belong you don\xe2\x80\x99t be long. \n #entrepreneurs #entrepreneurlife'
b'RT @Mansadcollectns: When @house_of_anaum meets @mansadcollections you already know the combo Issa lit one \xf0\x9f\x92\xaf\xf0\x9f\x92\xaf\xf0\x9f\x92\xaf\n#fashionaddict #fashionstyle\xe2\x80\xa6'
b'How to Reach Your #Goals\n\n@thestartup_ #LifeLessons #Life #Motivation #Productivity #startup #Purpose #success #business #successful #hustle #wealth #grind #motivational #ambition #hardwork #mindset #inspire #dreams #workhard #entrepreneurlife #boss\nhttps://t.co/lHJHVbGhBS'
b'Very direct &amp; powerful women #businessgrowth #BusinessIntelligence #businesswoman #Entrepreneurship #entrepreneurlife #entreprenuer #smallbusinessowner #smallbusinesstips #SmallBusiness https://t.co/99OMkUI3CL'
b'wake up to 25 new conversations daily!! People interested in what You have to say about YOUR business. Register Now https://t.co/DPOR2GF6SX  #entrepreneurlife \n#askdrmemo'
b'RT @davesummertonbc: Management: never battle with the customer #Management #Manager #brumhour #Sales #Salesforce #salestips #Marketing #Ma\xe2\x80\xa6'
"b'""Expect the best. Prepare for the worst. Capitalize on what comes."" Zig Ziglar\n\n#quotes #success #biztips #entrepreneurlife #savvybusinessowner'"
b'RT @2TALLINmania: My TO DO List is always evolving and changing but the daily routine of checking off the things I want to get done will ne\xe2\x80\xa6'
b'Be innovative! \n.\n.\n.\n#Europebusinessmagazine #quoteoftheday #businessdevelopment #business #success #goal #entrepreneurship #businessowner #entrepreneurlife https://t.co/lk8qwyy6Jv'
b'RT @davesummertonbc: Management: never battle with the customer #Entrepreneur #entrepreneurlife #innovation #InnovatorsMindset #HR #persona\xe2\x80\xa6'
b'RT @Mansadcollectns: When @house_of_anaum meets @mansadcollections you already know the combo Issa lit one \xf0\x9f\x92\xaf\xf0\x9f\x92\xaf\xf0\x9f\x92\xaf\n#fashionaddict #fashionstyle\xe2\x80\xa6'
b'Management: never battle with the customer #Entrepreneur #entrepreneurlife #innovation #InnovatorsMindset #HR #personalgrowth #BusinessNews #businessowner #BusinessIntelligence #businesscoach #businessmastery #sellingtrainers #salesenablement #WestMidlands #UKBizHour #ukedchat'
"b""RT @StartGrowthHack: The pocket guide of essencial YC advice:\n- Launch now\n- Build something people want\n- Do things that don't scale\n- ...\xe2\x80\xa6"""
b'For all of your photography needs....book me!! \xf0\x9f\x93\xb7\n\xf0\x9f\x94\xb9Parties/Events\n\xf0\x9f\x94\xb9Model Photoshoots\n\xf0\x9f\x94\xb9Portraits\n\xf0\x9f\x94\xb9Fashion Shows\n\xf0\x9f\x94\xb9Headshots\n\xf0\x9f\x94\xb9Family Photos\n\xf0\x9f\x94\xb9Commercial/Product Shoots +MORE\xe2\x9d\x97\xe2\x9d\x97\n#photographer #photography #philly #entrepreneurlife #Entrepreneur #SmallBusiness #models https://t.co/YA9sRFvaZd'
b'Management: never battle with the customer #Management #Manager #brumhour #Sales #Salesforce #salestips #Marketing #MarketingStrategy #CustomerService #CustomerExperience #CustomerIsKing #digitalhealth #DigitalInnovation #Entrepreneur #entrepreneurlife #earnmoney #trainingday #me'
b'Chasing dreams. Failing. Going back to mommy. Chasing dreams again.\n#SundayThoughts #entrepreneurlife https://t.co/b7DJJfWySi'
b'#entrepreneurlife \n#workathome \n#SundayMotivation \n\nhttps://t.co/kEFfRzY5xS financial freedom is knocking at your door\nThink about the number of persons who stick with jobs end up poor \n\n@Minister_TK @CBCAlerts @CBCKatie @CBCNews @CBCOttawa @CBCToronto'
"b""Travis Huff Aka 2TALLIN' \xf0\x9f\x98\x89 on : \xe2\x80\x9cGive LIFE A chance! #entrepreneurs #entrepreneurship #entrepreneurlife #business #businessman #quoteoftheday #businesswoman #businessowner\xe2\x80\xa6\xe2\x80\x9d https://t.co/NIFo1lbkBd  #Entrepreneurship"""
"b""RT @MelittaCampbell: #BizTips : Stand out by using TNTs 'Tiny Noticeable Things'.\n\nTNTs are the small things you can do to help your clients feel special &amp; valued that larger businesses can't. \n\nhttps://t.co/zMtx7WL9GM\n\n#Entrepreneurlife #WorkFromHome #\xe2\x80\xa6 https://t.co/KACSlQSVoO"""
"b""We're now proudly providing @weebly through our store front! #learntocode #entrepreneurlife"""
"b'RT @VCIInternation1: ""Without hard work, nothing grows but weeds. "" - Gordon B. Hinckley \xf0\x9f\x90\xba\n#motivation #quoteoftheday #qotd #lifestyle #bus\xe2\x80\xa6'"
"b""RT @StartGrowthHack: The pocket guide of essencial YC advice:\n- Launch now\n- Build something people want\n- Do things that don't scale\n- ...\xe2\x80\xa6"""
"b""#BizTips : Stand out by using TNTs 'Tiny Noticeable Things'.\n\nTNTs are the small things you can do to help your clients feel special &amp; valued that larger businesses can't. \n\nhttps://t.co/Z3fImpxEZc\n\n#Entrepreneurlife #WorkFromHome #BossBabe #MomBoss https://t.co/1GGjh2F6wI"""
"b'""Fall seven times and stand up eight."" - Japanese Proverb\nhttps://t.co/2OvUkOqNn9\n#entrepreneurlife #thinkbig #beyourownboss https://t.co/XOnvr9s4Wq'"
b'RT @DonaDeane: YouTube warns its copyright changes could result in more takedowns\xc2\xa0\n\nhttps://t.co/JUwRKZtZhb \n#entrepreneur #business #motiv\xe2\x80\xa6'
b'YouTube warns its copyright changes could result in more takedowns\xc2\xa0\n\nhttps://t.co/JUwRKZtZhb \n#entrepreneur #business #motivation #success #entrepreneurship #entrepreneurlife #marketing #smallbusiness #love #startup #inspiration\xc2\xa0 #businessowner #StrikeNetworkGroup #donamdeane'
b'RT @LogoSimon: Eagle S Logo for Sale\nhttps://t.co/AQ2kPAXGa0\n\n#Eagles #falcon #hawk #wildlife #Letter #WINGS #naturelovers #businessgrowth\xe2\x80\xa6'
"b'RT @VCIInternation1: ""Without hard work, nothing grows but weeds. "" - Gordon B. Hinckley \xf0\x9f\x90\xba\n#motivation #quoteoftheday #qotd #lifestyle #bus\xe2\x80\xa6'"
"b'RT @VCIInternation1: ""Without hard work, nothing grows but weeds. "" - Gordon B. Hinckley \xf0\x9f\x90\xba\n#motivation #quoteoftheday #qotd #lifestyle #bus\xe2\x80\xa6'"
"b'RT @cyphercoders: Ooh, pinching ourselves ! A tweet from our favourite Dragon @BBCDragonsDen. \xf0\x9f\xa5\xb3 The kind, accomplished and encouraging @pie\xe2\x80\xa6'"
"b'Sunday Morning, change the game a bit...pump it up! #pushenvelopesdaily #entrepreneurlife #Businesscoach #wakeupandmakeup #pushupchallenge #doitforyourself #hpkfoundation #madlokovubusiness https://t.co/Rq1Zk78hlj'"
"b""join Branding Youniversity for free. Your personal online branding platform. Try it for free.  This deal won't last forever. https://t.co/AP3lLhB4oL   #entrepreneurlife\n#askdrmemo"""
b'How To Organize Your Day To Set Yourself Up For Success.#EntrepreneurLife #Mentoring  https://t.co/QHTb2i9esj'
"b""ONE DAY I WON'T HAVE TO THINK TWICE ABOUT THE PRICE!!!#around #still #businessgrowth #fact #long #startup #motivationalquotes #lifestyle #entrepreneurlife #entrepreneur #greatness #entrepreneurship #luxury #mindset #money #growth #mentor #dreambig #hustle #quote #dreams #dreamer https://t.co/DTACxCecbf"""
"b'RT @aobadairo: What does it mean to you when a man refers to his wife as his engine room? Remember, behind every successful man there is a\xe2\x80\xa6'"
b'RT @LogoSimon: Eagle S Logo for Sale\nhttps://t.co/AQ2kPAXGa0\n\n#Eagles #falcon #hawk #wildlife #Letter #WINGS #naturelovers #businessgrowth\xe2\x80\xa6'
"b""RT @StartGrowthHack: The pocket guide of essencial YC advice:\n- Launch now\n- Build something people want\n- Do things that don't scale\n- ...\xe2\x80\xa6"""
b'RT @Cr8tiveLegality: 4 types of Intellectual Property that Protects your Creative Ideas \n\n#entrepreneur #business #motivation #success #ent\xe2\x80\xa6'
b'4 types of Intellectual Property that Protects your Creative Ideas \n\n#entrepreneur #business #motivation #success #entrepreneurship #entrepreneurlife #marketing #smallbusiness  #startup #inspiration #money #hustle #businessowner #lifestyle #instagood #branding #digitalmarketing https://t.co/uxRfEHMznZ'
b'RT @ourownstartup: TIME IS NOW #entrepreneurs #Entrepreneur #entrepreneurlife #Entrepreneurship #startup #startups #startuplife #Motivation\xe2\x80\xa6'
b'RT @bruinengineer: Tonight will be my first Game of Thrones episode since the very first one \xf0\x9f\x98\x82\xf0\x9f\x98\x82\xf0\x9f\x98\x82 #LifeHack #Start4CompaniesWhileTheWorldWat\xe2\x80\xa6'
b'Focus on your GOALS not your FEARS .\nFocus like a laser beam on your GOALS.\n\n#entrepreneurlife #Empowerment #mentorship #inspire #DontStop #Empowerment #livealifeofpurpose \n#grateful #focus\n#Goals #inspire #workhard continue being Great \xf0\x9f\x92\xaa'
"b'RT @JudyGoss: Summer Fridays should never, never end....\n#beaches #nylife #summerfridays #friyayvibes #tvhostlife #entrepreneurlife #loveit\xe2\x80\xa6'"
"b""Whether you're a start up or an established business owner, you have to want it so bad to succeed \xe2\x9e\xa1\xef\xb8\x8fhttps://t.co/q77dzQV2zR\n#SmallBiz #entrepreneurlife #mumboss"""
"b""RT @DonaDeane: Creativity Is a Muscle, Not a Skill. Here's How to Build Yours\xc2\xa0\n\nhttps://t.co/egvy8dknKK\xc2\xa0\n#entrepreneur #business #motivatio\xe2\x80\xa6"""
"b""Creativity Is a Muscle, Not a Skill. Here's How to Build Yours\xc2\xa0\n\nhttps://t.co/egvy8dknKK\xc2\xa0\n#entrepreneur #business #motivation #success #entrepreneurship #entrepreneurlife #marketing #smallbusiness #love #startup #inspiration #hustle #businessowner #StrikeNetworkGroup #donamdeane"""
b'RT @vkgaddam: RISE to the sustainable future!\n@vnextbyvisaka\n#entrepreneur #business #motivation #success #entrepreneurship #entrepreneurli\xe2\x80\xa6'
"b'What you think, you become.\nWhat you feel, you attract.\nWhat you imagine, you create!\nI\xe2\x80\x99m a big believer in this saying by Buddha! Here I\xe2\x80\x99m thinking about the next phase of life!\nLocation: #NoaRestoran #Tallin #Estonia\n#EntrepreneurLife #PlatinumWorldGrroup #SushilMedia https://t.co/MEwAyeLjFC'"
b'Always deliver more than expected \xf0\x9f\x92\xab VALUE . VALUE . VALUE \xf0\x9f\x92\xaf \n.\n.\n.\n#entrepreneur #Entrepreneurs #entrepreneurlife #Entrepreneurship #businessadvice #businesstips #Inspiration #motivation #successmindset'
"b""There's no such thing as perfect. Chasing ''Perfect'' is the shortest road to not achieving it.\n.\n.\n@SharkPackHustle @SharkPackHustle \n.\n.\n#entrepreneurlife #businesstips #entrepreneur #businessadvice #Entrepreneurs #Entrepreneurship #Inspiration #motivation"""
b'RT @HarringtonKevin: Being flexible to change sets you up on the path to success. #entrepreneurship #Entrepreneurs #Entrepreneurlife #succe\xe2\x80\xa6'
b'The struggle can be real but it\xe2\x80\x99s everything I want to feel #freedom #entrepreneurlife #motivation shot by @dariendburton #power #film shopnextlevelclothing #apparel @ Next Level Automotive https://t.co/GKSRGV3X7I'
b'#wafentrepreneurmindset\xc2\xa0#wafentrepreneurs\xc2\xa0#mindset\xc2\xa0#mindfulness#mindsetquotes\xc2\xa0#mind\xc2\xa0#mindsetofgreatness\xc2\xa0#entrepreneurship#entrepreneurshiplifestyle\xc2\xa0#entrepreneurlife\xc2\xa0#entrepreneurmindset#entrepreneurspirit\xc2\xa0#entreprene\xe2\x80\xa6 https://t.co/Za6OpRSQQe'
b'How to Overcome Self-Limitations\n\nhttps://t.co/LTikdstPxs\n\n#EntrepreneurLife #Entrepreneurship #Misfitentrepreneur #breakthrough\n#nolimits #dreams #goals #advice #hardwork #courage #belief #life https://t.co/VMxX3tAU1w'
b'The Misconception of Getti Vol 3 hosted by @djseizure  GettilandEnt!!! Dm me for ya a copie!!! #worldstar #bet #rappers #undergroundhiphop #undergroundmusic #undergroundrap #hiphop #entrepreneurship #entrepreneurlife https://t.co/2Iii2GAGhI'
b'START YOUR DAY WITH MOTIVATION. #SundayMotivation #SundayThoughts #inspirational #hardworkpaysoff #leadership #inspiration #motivation #entrepreneur #entrepreneurlife #businessquotes #success #successquotes #quoteoftheday #quotes #startup #money #goals #Fiverr https://t.co/1ChHSvKKRT'
b'There\xe2\x80\x99s one left...\n.\n.\n.\n.\n.\n.\n.\n.\n.\n.\n.\n.\n.\n.\n.\n#blockbuster #travel #traveling #bend #oregon #travelbug #entrepreneur #entrepreneurlife #iam1stphorm #legionofboom #fit #fitness #fitfam #aspie #aspergers #autism\xe2\x80\xa6 https://t.co/cciJDN8Aw4'
"b'Some people are so focused on cash, they can\xe2\x80\x99t understand freedom #entrepreneurs #entrepreneurlife @garyvee @tailopez'"
b'RT @JeffreyFeldberg: Want Honest Advice? Join A Mastermind Group https://t.co/CVQh7D9vNy #entrepreneurlife #entrepreneurship #smallbusiness'
"b'Looking for a business, that gives you the freedom and the opportunity to make $$$$ and sell beauty products, drop me a line @DainJuz and we will get you on the path to getting started. #beauty #cosmetics #nutrition #skincare #makeup #entrepreneur #entrepreneurlife'"
b'Learning is a continuous process that is key to growth but implimentation of the knowledge is the key to success !! #mindfullness #Priorities #entrepreneurlife #learnsomethingnew #SundayMorning #SundayMotivation'
b'RT @Zec2020: Introducing our Business Development Program.\n\nVisit our Facebook page: Zambian Entrepreneur Connect for more information\n\n#bu\xe2\x80\xa6'
b'RT @JeffreyFeldberg: 7 Due Diligence Mindset Tips Every Seller Needs To Know https://t.co/nnSt5A53tL #entrepreneur #entrepreneurlife'
"b'@Aaquil_Annoor Nephew, looking like a future fortune 500 CEO, or better yet CEO of your own company #Entrepreneurlife'"
b'Want Honest Advice? Join A Mastermind Group https://t.co/CVQh7D9vNy #entrepreneurlife #entrepreneurship #smallbusiness'
"b'RT @SE7ENFIGURE: Stay true to yourself and your journey, an surround yourself with positive energy. \xf0\x9f\x92\xaf\n.\n.\n#positivevibes #positiveenergy #j\xe2\x80\xa6'"
"b'RT @aobadairo: What does it mean to you when a man refers to his wife as his engine room? Remember, behind every successful man there is a\xe2\x80\xa6'"
b'RT @saqiraja1989: That is a strong demand. Good time to make an entry.\n#forexmoney\n#forexprofit #forexlife #forexlifestyle #finance #forexs\xe2\x80\xa6'
"b'What does it mean to you when a man refers to his wife as his engine room? Remember, behind every successful man there is a woman.\n\n#man #woman #relationship #advice #success #successful #engine #engineroom #backup #entrepreneurlife #entrepreneurship #african #queen #aobadairo https://t.co/vF4sVzMq3l'"
b'The 2 Rules Of #Success That Will Blow Your Mind  https://t.co/lKgXgr2B6m #entrepreneurlife #entrepreneur #business'
b'RT @Akbarkq: My Favourite... watch seedling grow into trees. 5 years of hard work\n.\n.\n#proud #moment #organic #farmer #trees #fruits #lands\xe2\x80\xa6'
"b'Stay true to yourself and your journey, an surround yourself with positive energy. \xf0\x9f\x92\xaf\n.\n.\n#positivevibes #positiveenergy #journey #dreams #entrepreneurlife #vision #truth #godsplan #insta #instagood #instaquote\xe2\x80\xa6 https://t.co/Zor9asxccK'"
"b""RT @Tydanconsulting: 'Why Can't I Focus?' Here's What the Science Says.\xc2\xa0\n\nhttps://t.co/lWG2wobmBV \n\n#entrepreneur #business #motivation #su\xe2\x80\xa6"""
"b""'Why Can't I Focus?' Here's What the Science Says.\xc2\xa0\n\nhttps://t.co/lWG2wobmBV \n\n#entrepreneur #business #motivation #success #entrepreneurship #entrepreneurlife #marketing #smallbusiness #love #startup #inspiration #money #hustle #businessowner #StrikeNetworkGroup #donamdeane https://t.co/NcPbwe3hW1"""
b'Entrepreneur Reveals Secret To His #Success And 9-Figure Exit  https://t.co/APKy4tDyqN #entrepreneurlife #entrepreneur #business'
"b""RT @erikmara729: This is why I don't bother taking anymore #supplements or #vitamins. #CBD does it all for me. #cbd #change #serotonin #hem\xe2\x80\xa6"""
b'RT @Swats26: Me and My Mister \xe2\x9d\xa3\n.\n.\n.\n#couplegoals #coupleentrepreneurs #entrepreneurlife #yougetmore #husbandandwife #life #us #happy @ Gu\xe2\x80\xa6'
b'My Favourite... watch seedling grow into trees. 5 years of hard work\n.\n.\n#proud #moment #organic #farmer #trees #fruits #landscape #farming #rajasthan #india #qureshifarm #akbarkq #entrepreneurship #entrepreneurlife\xe2\x80\xa6 https://t.co/Dkb1XJPtNx'
b'groupism kills the individual.\n\n#startups #grouptheory #SundayThoughts #SundayMotivation #SundayMorning #happymorning #startuplife #thinkdifferent #bedifferent #groupism #entrepreneurlife #Entrepreneurship'
b'RT @myhappiestlife: #raggedpoint fabulous morning. Great breakfast!  #bigsur\n#entrepreneurlife\n#businesscoaching\n#freedombusinesscoach http\xe2\x80\xa6'
b'My biggest \xf0\x9f\x94\x91 around entrepreneurship and happiness.\n\n.\n.\n.\n.\n.\n.\n.\n.\n.\n.\n\nReposted from @garyvee\n. \n#garyvee #entrepreneur #motivation #hustle #success #grantcardone #entrepreneurship #business #entrepreneurlife\xe2\x80\xa6 https://t.co/Ld2JTIM1S2'
"b'Research: For Crowdsourcing To Work, Everyone Needs An Equal Voice https://t.co/oZWW7KjgDE #entrepreneurship #entrepreneurlife #smallbusiness'"
b'Getting ready for showtime September 14th get your tickets ASAP!\n\n#entrepreneur #entrepreneurlife #entrepreneurship #entreprenuers #networkmarketing #networking #business #businessman #goals #freedom #startyourlife\xe2\x80\xa6 https://t.co/zekyUGMKlm'
b'#raggedpoint fabulous morning. Great breakfast!  #bigsur\n#entrepreneurlife\n#businesscoaching\n#freedombusinesscoach https://t.co/tL1EmIaAZk https://t.co/361qNaDaCe'
b'Boardwalk tacos\n\n#pismobeach\n#entrepreneurlife\n#tacos https://t.co/gwSlsqYTaT https://t.co/aUgH1rbUDs'
b'S/O to my supporters for purchasing my Mixtape The Misconception of Getti Vol 3 hosted by @djseizure GettilandEnt !! #hiphop #rap #music #entrepreneurlife #atlanta #undergroundhiphop #compton https://t.co/Xugn7XHr71'
b'RT @JeffreyFeldberg: 10 Questions For Transforming Failure Into Spectacular #Success  https://t.co/d4XRmEuVEi #entrepreneurlife #entreprene\xe2\x80\xa6'
b'10 Questions For Transforming Failure Into Spectacular #Success  https://t.co/d4XRmEuVEi #entrepreneurlife #entrepreneur #business'
"b""This is why I don't bother taking anymore #supplements or #vitamins. #CBD does it all for me. #cbd #change #serotonin #hemp #hempworx #health #fit #edc #life #relief #edm #recovery #rave #homebusiness #homebasedbusiness #business #driven #entrepreneur #entrepreneurlife https://t.co/8dc3lzkeE8"""
"b'RT @epartnersmarket: Have you tried promoting your business with Google (PPC), Yelp, or Facebook? Wondering how much you should spend? How\xe2\x80\xa6'"
"b'Introducing iflourish, our white label, fully customizable sales and service CRM solution for small-medium businesses! Unlimited users. One-time fee. Want to check out a demo? Contact us. \xf0\x9f\x90\x9d https://t.co/usvla6mSY2 #crm #technews #smallbusiness #entrepreneurlife https://t.co/g6NykTi2f7'"
b'RT @KimJCardona: Let\xe2\x80\x99s get disruptive!\n#Entrepreneurship #entrepreneurlife #entrepreneur #socialmediamarketing #Digitalmarketing #BusinessO\xe2\x80\xa6'
b'7 Powerful Ways to Create a Breakthrough #Morning #Routine \n\n#Productivity #Meditation #Exercise #SelfImprovement #LifeLessons #success #hustle #wealth #startup #grind #motivational #ambition #entrepreneurlife #hardwork #hardestworkerintheroom #aimhigh\nhttps://t.co/z5j8bKx8qn'
b'RT @myhappiestlife: #Goldenlife\n#entrepreneurlife\n#sanddollarbeach\n#bigsur\n#businesscoaching @ Sand Dollar Beach https://t.co/6f5C5JGas6'
b'RT @HarringtonKevin: Being flexible to change sets you up on the path to success. #entrepreneurship #Entrepreneurs #Entrepreneurlife #succe\xe2\x80\xa6'
"b'Book recommendations from Mark Zuckerberg, Sheryl Sandberg, Tim Cook, and more.\n\nhttps://t.co/Hm3R5M13Gb #entrepreneurlife #business'"
"b'#BizTips : Stay hydrated. Drink water regularly throughout the day to stay energised, focused and productive.\n\nhttps://t.co/Z3fImpxEZc\n\n#Entrepreneurlife BossBabe #health #hydration #Tips https://t.co/jT5DScvFwX'"
b'Being flexible to change sets you up on the path to success. #entrepreneurship #Entrepreneurs #Entrepreneurlife #successmindest'
b'Chase the vision. Not the money. Then the money will end up chasing you. \n#entrepreneurlife #truesuccess #zenliving #sageadvice #globalfundingsources #lastingwealth #createalegacy #bewatermyfriend @ South Florida https://t.co/MdCccJoeJC'
"b'RT @ReneeDonnelly_: I\xe2\x80\x99m the girl on the moon.  Can\xe2\x80\x99t bring me down. Pitching to you, now I\xe2\x80\x99m in your dreams. #startuplife #entrepreneurlife\xe2\x80\xa6'"
"b'I\xe2\x80\x99m the girl on the moon.  Can\xe2\x80\x99t bring me down. Pitching to you, now I\xe2\x80\x99m in your dreams. #startuplife #entrepreneurlife #startups #Entrepreneurs #womenintech #womeninbiz https://t.co/xknh8l5ke4'"
"b'Build better habits. What you repeatedly do, you become. #motivationalspeaker #entrepreneurlife #motivationalquotes #entrepreneur #teachersfollowteachers #life #success #educationquotes #education #books #reading\xe2\x80\xa6 https://t.co/Rldz1oaBgG'"
b'***LATEST POST***  3 Simple Ways to Clear Your Mind and Reduce Stress\n\nhttps://t.co/APUPRENO5p\n\n#Entrepreneurship #Motivation #EntrepreneurLife #Inspiration #Foundr #Inspire #Misfitentrepreneur #dreams #goals https://t.co/FQqWCGNfAv'
"b""Isn't it nice to be considered an agent for change. #entrepreneurlife https://t.co/Q8U2E8kFGc"""
b'#Goldenlife\n#entrepreneurlife\n#sanddollarbeach\n#bigsur\n#businesscoaching @ Sand Dollar Beach https://t.co/6f5C5JGas6'
b'Guys I just invented a new drink! Kombucha + Red Wine = HIPSTER BLOOD\xe2\x84\xa2\xef\xb8\x8f. If you say it/drink it you owe me 10 cents. #entrepreneurlife'
b'Boardwalk tacos\n\n#pismobeach\n#entrepreneurlife\n#tacos https://t.co/sOXWBqhN20'
b'Don\xe2\x80\x99t be a \xe2\x80\x9ccool parent\xe2\x80\x9d. Keep your kids off the fucking failure line \xf0\x9f\x90\x90 #entrepreneurlife #parenting101 #settleforsuccess'
b'Investing into bitcoin trade today and earn good amount of profit within a short period#trade #tradingbitcoin #entrepreneurlife #entrepreneur #entrepreneurship #entrepreneurmindset #entrepreneurial #youngentrepreneur #successfulbusiness #successquotes #successmindset # https://t.co/cuQGlpTriC'
b'Start investing into bitcoin trade today and earn good amount of profit within a short period#trade #tradingbitcoin #entrepreneurlife #entrepreneur #entrepreneurship  #entrepreneurmindset #entrepreneurial #youngentrepreneur #successfulbusiness  #successquotes #successmindset # https://t.co/2A31lzeTx7'
b'How To Avoid The 5 Most Common Mistakes Before Exiting Your Company https://t.co/U2Tr2IIbVm #entrepreneurship #entrepreneurlife #smallbusiness'
b'Enjoy what you do for work and FOCUS! \xe2\x9e\xa1\xef\xb8\x8f https://t.co/i9CIIcwXBN #Enpreneurship #entrepreneurlife #entrepreneurs #passion #motivation #inspirational https://t.co/Sw5tDArF9O'
b'Investing into bitcoin trade today and earn good amount of profit within a short period#trade #tradingbitcoin #entrepreneurlife #entrepreneur #entrepreneurship #entrepreneurmindset #entrepreneurial #youngentrepreneur #successfulbusiness #successquotes #successmindset # https://t.co/kDbTJF6anO'
"b""RT @Tydanconsulting: The Weird Economic Indicator One Economist Can't Ignore: Japanese Whiskey\xc2\xa0\n\nhttps://t.co/FkMWtsunwL \n#entrepreneur #bu\xe2\x80\xa6"""
"b""The Weird Economic Indicator One Economist Can't Ignore: Japanese Whiskey\xc2\xa0\n\nhttps://t.co/FkMWtsunwL \n#entrepreneur #business #motivation #success #entrepreneurship #entrepreneurlife #marketing #smallbusiness #love #startup\xc2\xa0 #businessowner #StrikeNetworkGroup #donamdeane"""
b'RT @JeffreyFeldberg: Dominate And Win When You Know Your First Offer Is Not Your Best Offer https://t.co/h8BjZo5r8W #entrepreneurship #entr\xe2\x80\xa6'
b'ps: I did this filter which means I will now be selling presets. #entrepreneurlife https://t.co/Ozejr6Dwcx'
b'Be #wiser than other #people if you can; but do not tell them so.... #selfimprovement #personaldevelopment #entrepreneur #entrepreneurs #entrepreneurlife #entrepreneurwisdom #leaders #leadership #business #motivation #success #positiveattitude #positivemindset #growthmindset #do'
b'Your Code&gt; Saturday Sale https://t.co/LtaiXPR1PF #startups #officefurniture #DailyProductPick #entrepreneurlife #smallbusiness #Millennials #homeowners #lifetips #businessowner #homebusiness #businessowners #smallbusinessowner #businesspassion #selfgrowth #free #today @offers https://t.co/Vpl8S0GaK3'
b'Dominate And Win When You Know Your First Offer Is Not Your Best Offer https://t.co/h8BjZo5r8W #entrepreneurship #entrepreneurlife #smallbusiness'
b'RT @chrisoldcorn: How to Reach Your #Goals\n\n@thestartup_ #LifeLessons #Life #Motivation #Productivity #startup #Purpose #success #business\xe2\x80\xa6'
b'How to Reach Your #Goals\n\n@thestartup_ #LifeLessons #Life #Motivation #Productivity #startup #Purpose #success #business #successful #hustle #wealth #grind #motivational #ambition #hardwork #mindset #inspire #dreams #workhard #entrepreneurlife #boss\nhttps://t.co/OPZhNAuunJ'
"b""Any single mom's looking for another stream of income \xf0\x9f\x92\xb0?\n.\n.\n.#SophistiCredit #Singlemoms #residualincome #overflow #entrepreneurlife #mytime #milliondollarclub #workfromhome\n#workfromanywhere #mompower #supermom #"""
b'#businessowner #entrepreneur #business #entrepreneurship #smallbusiness #entrepreneurlife #marketing #success #startup  Love Life and Music: Top 10 Countries With 0 Income Tax https://t.co/5C1YGy3xvm'
"b""There's always a first time for everything. Never be afraid to take the first step, or you will never progress. \n\n#MollyRenilJoy #entrepreneur #business #motivation #success #businesswoman #womenentrepreuer #entrepreneurship #entrepreneurlife #marketing #smallbusiness #startup https://t.co/CpNvFlk42m"""
"b""RT @youronlinepage1: It's all about building up that following and gaining a reputation.\n\n#entrepreneur #makemoney #entrepreneurlife #money\xe2\x80\xa6"""
b'Details here&gt;&gt; https://t.co/j06yaNS8VF \n#workfromhome #entrepreneurlife #mlm #AffiliateMarketing https://t.co/CXpqnMW3vT'
"b""RT @Sams_Popcorn: I found out yesterday that I'm a finalist in the 2019 Youth Achievement Awards. I find out the results in September. Wish\xe2\x80\xa6"""
b'5 Crazy Truths About Life After An Exit You Should Really Know https://t.co/dRFDCMzW0a #exitplanning #entrepreneurlife https://t.co/wGrKqLjlLY'
b'RT @DanWils42696605: Profits fall like snowflakes \n\xf0\x9f\x87\xba\xf0\x9f\x87\xb2 https://t.co/bPNGXxEkQf.\n#outdoors \xf0\x9f\x8d\x94#nature #Taguig #Antipolo #charleston \xf0\x9f\x93\xb7#tampa #lu\xe2\x80\xa6'
"b""It's all about building up that following and gaining a reputation.\n\n#entrepreneur #makemoney #entrepreneurlife #money #business #youngentrepreneur #businessideas #startup #startupidea #makemoneyonline #workfromhome #instafamous #hair #hairstylist #hairstyle https://t.co/lSNZ8k9ocr"""
"b'Why You Need To Create Market Disruption To Lead, Succeed, And Prosper https://t.co/HYeuzlSJ2v #entrepreneurlife #entrepreneur #business'"
"b'God first, men will follow. #GodsWork #ChristianPrivilege #Nigerian #BusinessIntelligence #entrepreneurlife'"
b'Not everyone can work for someone #entrepreneurlife #coachinglife #djglifestyle #lifeisgood #fallenangelimports @ Starbucks Canada https://t.co/EAxYJgXn7y'
b'7 Habits Of Rich And #Successful People (You Really Need To Know)  https://t.co/NyhaHsMRIZ #entrepreneurlife #entrepreneur #business'
"b""RT @epartnersmarket: Does this sound familiar? Let's fix it!\n#smallbusiness #entrepreneurlife #girlboss #bossbabes #realtor #hairstylist #m\xe2\x80\xa6"""
b'montypythonofficial is the best thing ever!!\n\n\xf0\x9f\x9a\x80\xf0\x9f\x9a\x80\xf0\x9f\x9a\x80\xf0\x9f\x9a\x80\xf0\x9f\x8e\xa8\xf0\x9f\x8e\xa8\xf0\x9f\x8e\xa8\xf0\x9f\x8e\xa8 #entrepreneurship #marketing #inspiration #startuplife #entrepreneurs #money #businessman #startups #hustle #entrepreneurlife #socialmedia #lifestyle\xe2\x80\xa6 https://t.co/ROBFtII29p'
b'What Does Customer Engagement Really Mean For Your Business? https://t.co/Ok8dTBGWFY #entrepreneurship #entrepreneurlife #smallbusiness @amyjensu'
"b'Yup, even in Greece \xf0\x9f\x87\xac\xf0\x9f\x87\xb7 I inquired about Real Estate\xe2\x9d\xa3\xef\xb8\x8f #LoveWhatYouDo #ibuumerang #boom #boss #ladyboss #bosslady #bossbabe #travelvlogger #bossbee #blogger #blackbusiness #blackwomantravel #travelagent #travellife #travelnoire #travelgram #entrepreneur #entrepreneurlife #bus\xe2\x80\xa6'"
b'Now that I have employees I have a new respect for time and money. #entrepreneurlife #businessowner'
b'Seriously...PLEASE..somebody...just f@ckn shoot me \xf0\x9f\x94\xab https://t.co/nLxzuov4Mt\xf0\x9f\x87\xa6\xf0\x9f\x87\xba#aussiegirl #adultstore #Aussie #EverydayStruggle #LikeABoss #thestruggleisreal #entrepreneurlife #brisbane #SundayThoughts #'
b'Patience is the companion of wisdom. \n\xe2\x80\xa2\n#FourSilos #EntrepreneurLife #BossBabe #Latina #Strength #LifeIsBeautiful #Blessed #ThankGod #Realtor #Arizona #BettyGodinezRealtor https://t.co/KzfBWB8sCx'
b'Saturday work flow!! Ms. ELE patiently waiting for my brand to pop! I will continue to grind everyday from am to pm non-stop\xf0\x9f\x99\x8f\xf0\x9f\x8f\xbd #entrepreneurlife #ele #eyeloveeyewear #fashion #stylish #prescriptionglasses https://t.co/TGtqsuv0Uw'
"b""It's Never Too Late For #Success Once You Stop Believing #Success Myths  https://t.co/uicnismeX2 #entrepreneurlife #entrepreneur #business"""
"b""#NoteToSelf \n\xf0\x9f\x93\x8c Take a vacation \xe2\x98\x80\xef\xb8\x8f\n\xf0\x9f\x93\x8c Step away from the office and your phone \xf0\x9f\x93\xb1 and your laptop \xf0\x9f\x93\x9f \n\xf0\x9f\x93\x8c People will be waiting for you when you get back \xf0\x9f\xa4\x97\n \xf0\x9f\x93\x8c It's OK to take some downtime \xf0\x9f\x98\xb4\nhttps://t.co/mFwU5JwJ80\n#entrepreneurlife #digitalnomad https://t.co/VUoAyMLPCk"""
"b'TFW you literally pray for work that\xe2\x80\x99s aligned with your purpose and then it shows up \xf0\x9f\x98\xad I have to remind myself that I work really fucking hard for moments like this but damn, it still feels like magic. #entrepreneurlife'"
b'23 Things Nobody Told Me About Being An Entrepreneur  https://t.co/cxeHnM3TAt #entrepreneurlife #entrepreneur #business'
b'This is going to be a steak kinda night. #homelife #foodie\xf0\x9f\x98\x8b #tampa #entrepreneurlife \xf0\x9f\x96\xa4 https://t.co/cXWILFGoA8'
"b'RT @cyphercoders: Ooh, pinching ourselves ! A tweet from our favourite Dragon @BBCDragonsDen. \xf0\x9f\xa5\xb3 The kind, accomplished and encouraging @pie\xe2\x80\xa6'"
"b'GENIUS PILOT ACADEMY- LONG LASTING MOVEMENT! #thegeniusway #entrepreneur #entrepreneurlife #boss #love #positivevibes #confidence @ Douglasville, Georgia https://t.co/NuIjSBmXd8'"
"b""RT @DonaDeane: Creativity Is a Muscle, Not a Skill. Here's How to Build Yours\xc2\xa0\n\nhttps://t.co/egvy8dknKK\xc2\xa0\n\n#entrepreneur #business #motivati\xe2\x80\xa6"""
"b""RT @DonaDeane: Creativity Is a Muscle, Not a Skill. Here's How to Build Yours\xc2\xa0\n\nhttps://t.co/egvy8dknKK\xc2\xa0\n\n#entrepreneur #business #motivati\xe2\x80\xa6"""
"b""Creativity Is a Muscle, Not a Skill. Here's How to Build Yours\xc2\xa0\n\nhttps://t.co/egvy8dknKK\xc2\xa0\n\n#entrepreneur #business #motivation #success #entrepreneurship #entrepreneurlife #marketing #smallbusiness #love #startup #inspiration #money #businessowner #StrikeNetworkGroup #donamdeane"""
b'You are you and no one else can duplicate that. \n.\n.\n.\n#business #entrepreneur #startup #success #coaching #consulting #hardworkpaysoffs #entrepreneurlife  #smallbusinesscoach #smallbusinessowner #kabusinessconsulting #entrepreneurquotes #persistence #consistency https://t.co/eQi6eNKuII'
b'From Lubbock to northern Michigan!\n\xe2\xa0\x80\xe2\xa0\x80\xe2\xa0\x80\xe2\xa0\x80\xe2\xa0\x80\xe2\xa0\x80\xe2\xa0\x80\xe2\xa0\x80\xe2\xa0\x80\n\xe2\xa0\x80\xe2\xa0\x80\xe2\xa0\x80\xe2\xa0\x80\xe2\xa0\x80\xe2\xa0\x80\xe2\xa0\x80\xe2\xa0\x80\xe2\xa0\x80\n\xe2\xa0\x80\xe2\xa0\x80\xe2\xa0\x80\xe2\xa0\x80\xe2\xa0\x80\xe2\xa0\x80\xe2\xa0\x80\xe2\xa0\x80\xe2\xa0\x80\n#life #wreckem #michigan #texas #lake #lakelife #torchlake #sunshine #entrepreneurlife #dive #oldtownroad #gunsup #water https://t.co/gVOQG20qjx'
b'Good Firends And Cold Ones!!\n#EntrepreneurLife #Lifestyle #CBD #Hemp\n\nhttps://t.co/KDOHjcpxCg https://t.co/rhz26ZUKns'
b'Good Firends And Cold Ones!!\n#EntrepreneurLife #Lifestyle #CBD #Hemp\n\nhttps://t.co/i3hPrdQFDn https://t.co/NLcXHiOj6U'
b'Good Firends And Cold Ones!!\n#EntrepreneurLife #Lifestyle #CBD #Hemp\n\nhttps://t.co/CckTzNUaWL https://t.co/YxeWKGHxUY'
b'Good Firends And Cold Ones!!\n#EntrepreneurLife #Lifestyle #CBD #Hemp\n\nhttps://t.co/V4rbG7tNLm https://t.co/SHVrFFewod'
"b""Its 3 A.M. in the night but my dreams don't allow me to sleep. Wrote my content strategy for the next week and now its time to implement. Hope for good and lets get to work. \xe2\x9c\x8c\xef\xb8\x8f\xf0\x9f\x94\xa5\n\n#contentstrategy #graphicsdesign #entrepreneurlife #zoopdesigns https://t.co/gpksgh4hgs"""
b'RT @SEOMalkamDior: On our way back from the #TrumpRallyNH two of the Supporters driving a Red Ferrari crashed onto this side of the road! F\xe2\x80\xa6'
b'When you\xe2\x80\x99re #puppysitting for your #entrepreneur friends and their office is #bomb \xf0\x9f\x94\xa5\xf0\x9f\x99\x8c\xf0\x9f\x8f\xbd\xf0\x9f\xa4\x99\xf0\x9f\x8f\xbd #entrepreneurlife #entrepreneurship #art #artist #graphicdesign #graphicdesigner #localmusic #musicpromotion https://t.co/s8AknrWd5S https://t.co/ypUsEWJsjh'
b'RT @Mansadcollectns: When @house_of_anaum meets @mansadcollections you already know the combo Issa lit one \xf0\x9f\x92\xaf\xf0\x9f\x92\xaf\xf0\x9f\x92\xaf\n#fashionaddict #fashionstyle\xe2\x80\xa6'
b'When @house_of_anaum meets @mansadcollections you already know the combo Issa lit one \xf0\x9f\x92\xaf\xf0\x9f\x92\xaf\xf0\x9f\x92\xaf\n#fashionaddict #fashionstyle #outfitinspiration #captureyourstyle #businessgrowth #entrepreneurgoals #entrepreneurlife \nPls like and retweet https://t.co/hoMa7lv51X'
b'RT @JeffreyFeldberg: Why You Must Compete Against Yourself Today So You Can Dominate And Win Tomorrow https://t.co/jPMW9pnclD #exitplanning\xe2\x80\xa6'
"b'RT @camilitanuttall: Had a 2 mile walk to get away from the phones\xf0\x9f\x93\xb1, computer \xf0\x9f\x92\xbb and work, to clear my mind and recharge. \xf0\x9f\x98\x8e\xf0\x9f\x9a\xb6\xe2\x80\x8d\xe2\x99\x80\xef\xb8\x8f\xf0\x9f\x98\x83#SaturdayMot\xe2\x80\xa6'"
"b'RT @CamilitaNetwork: Had a 2 mile walk to get away from the phones\xf0\x9f\x93\xb1, computer \xf0\x9f\x92\xbb and work, to clear my mind and recharge. \xf0\x9f\x98\x8e\xf0\x9f\x9a\xb6\xe2\x80\x8d\xe2\x99\x80\xef\xb8\x8f\xf0\x9f\x98\x83#SaturdayMot\xe2\x80\xa6'"
"b'RT @CamilitaLIVE: Had a 2 mile walk to get away from the phones\xf0\x9f\x93\xb1, computer \xf0\x9f\x92\xbb and work, to clear my mind and recharge. \xf0\x9f\x98\x8e\xf0\x9f\x9a\xb6\xe2\x80\x8d\xe2\x99\x80\xef\xb8\x8f\xf0\x9f\x98\x83#SaturdayMotiva\xe2\x80\xa6'"
b'How To Dominate And Win Big With A Chief Exit Officer When You Sell Your Business https://t.co/eSH17ZH3Uv #entrepreneurship #entrepreneurlife #smallbusiness'
b'RT @PodcastMisfit: The 5 Secrets of a Great Business Partnership\n\nhttps://t.co/4kDApqRWUf\n\n#EntrepreneurLife #lifelessons #Startup #wisdom\xe2\x80\xa6'
"b'The only way to get started, is to DO.  #WaltDisney #Entrepreneurlife https://t.co/Zux0BhRA2D'"
b'The 5 Secrets of a Great Business Partnership\n\nhttps://t.co/4kDApqRWUf\n\n#EntrepreneurLife #lifelessons #Startup #wisdom #Startuplife #Succeed #life #Entrepreneur #belief #Entrepreneurship #hustle https://t.co/k5C3pjFr0f'
b'Believe in yourself... you won\xe2\x80\x99t get disappointed! #entrepreneurlife \xf0\x9f\x94\xa5'
b'These are our top 10 YouTuber merchandise ideas you can learn from! \xf0\x9f\x92\xaf\nhttps://t.co/xriYINAA4m\n\n#entrepreneur #business #success #entrepreneurship #hustle #money #entrepreneurs #marketing #entrepreneurlife #successful #smallbusiness #workfromhome #vlog #grind #merch #youtube https://t.co/3XWNcMcAsf'
b'RT @ogochukjennifer: Hey guys I make affordable bespoke footwears. All handmade by me \xf0\x9f\x98\x8a. Support your girl biko. Check out my IG page soled\xe2\x80\xa6'
b'I\xe2\x80\x99m kinda obsessed with getting better. Every. Single. Day. \nWhat are you doing today to be better tomorrow? Leave a comment! .\n.\n.\n.\n.\n.\n#getbetter #getbettertoday #getbettereveryday #growgirl #personalgrowth #mompreneurs #entrepreneurlife #weekendmotiv\xe2\x80\xa6 https://t.co/MN3ZzUiNs9 https://t.co/KQjw4NxbfM'
b'Want Honest Advice? Do 5 Things That #Successful #Entrepreneurs Have In Common https://t.co/MMuXAwMhi1 #entrepreneurlife #entrepreneurship #smallbusiness'
b'Happy  Saturday ! \n.\n.\n.\n#hustle #business #life #inspiration #goals #womeninbusiness #motivationalquotes #iamhis #love #luxury #known #quotes #motivation #entrepreneurship #entrepreneurlife #businessowner #fitness\xe2\x80\xa6 https://t.co/rpEdrzLpTh'
b'To succeed you have to improve each day as an #entrepreneur. Get a daily tip to do just that: https://t.co/WMX8u8FHzM #startup #entrepreneurlife https://t.co/ppwwdwuqfn'
b'#Wellbeing Hacks for Busy #Entrepreneurs\n\nhttps://t.co/cgeCCYtxnn\n\n#entrepreneurlife #business #workfromhome https://t.co/8c1H6Q6KDE'
"b'People will talk behind your back. \n\nDo it, anyway!\n\n#keepgoing \n#thisonesforme\n#entrepreneurlife'"
b'We had such fun at the last event in Brixton at the @PopUp_Africa Lates. The music was banging. A woman DJ was rinsing some tunes for us.... #djlife\xf0\x9f\x8e\xa7 #artistlife\xf0\x9f\x8e\xa8 #artistlife #artistlifestyle #entrepreneurlife\xe2\x80\xa6 https://t.co/sZU41wm5eF'
b'Join today with health benefits for a lifetime  \n#leader #leadership #leadershipdevelopment #leaders #boss #bosslady #bossbabe #entrepreneur #entrepreneurlife #entrepreneurship #beyourownboss #beyourownbosslady\xe2\x80\xa6 https://t.co/ub8a7VitoF'
"b'START YOUR IMPOSSIBLE\n\nGrowth can be painful\nChange can be painful\nBut nothing is as painful as staying stuck in the same place, in the same state.\n\n#StartYourImpossible\n#EntrepreneurLIFE\n#SuccessTRAIN'"
b'RT @allgreatlengths: Treat yourself + your skin to some daily TLC \xe2\x9c\xa8\n\nShop All Great Lengths\xf0\x9f\x8c\xb1\n#allgreatlengths \n#smallbusiness\n#allskintypes\xe2\x80\xa6'
b'Treat yourself + your skin to some daily TLC \xe2\x9c\xa8\n\nShop All Great Lengths\xf0\x9f\x8c\xb1\n#allgreatlengths \n#smallbusiness\n#allskintypes\n#skinserum\n#organicskincareingredients \n#naturalskincare \n#entrepreneurlife\n#beauty https://t.co/dzItv20TiO'
"b'The doll you\xe2\x80\x99ll never get to play with \xf0\x9f\x98\x9c Hair, Lashes &amp; Lipgloss @FancyDollzCo you already know \xf0\x9f\x91\x8f\xf0\x9f\x8f\xbe#bossbabe #businessowner #femaleempowerment #3dminks #wigs #entrepreneurlife https://t.co/hsJu4m8GLE'"
b'RT @WilliamH1000: Always Soak Up Some Jewels From OGs ykthabarber &amp; barberizmtheshoppe @barberizm When Getting A Fresh Kut \xe2\x9c\x82\xef\xb8\x8f\xf0\x9f\x92\x88.. Appreciati\xe2\x80\xa6'
b'RT @bruinengineer: Tonight will be my first Game of Thrones episode since the very first one \xf0\x9f\x98\x82\xf0\x9f\x98\x82\xf0\x9f\x98\x82 #LifeHack #Start4CompaniesWhileTheWorldWat\xe2\x80\xa6'
b'Always Soak Up Some Jewels From OGs ykthabarber &amp; barberizmtheshoppe @barberizm When Getting A Fresh Kut \xe2\x9c\x82\xef\xb8\x8f\xf0\x9f\x92\x88.. Appreciation \xf0\x9f\x99\x8f\xf0\x9f\x8f\xbe\n#Jewels #Free #Game #Barber #Baber #OG #Entrepreneur #EntrepreneurLife #Business\xe2\x80\xa6 https://t.co/pUhujDlwBx'
"b'RT @uKheshe: Get down to @PicknPay and get your own #ukheshe Masterpass QR payment card , no bank account needed !!   FSP 45133 T&amp;C\xe2\x80\x99s #entr\xe2\x80\xa6'"
"b'#BizTips: Move your body - Move your mood.\n\nStay focused, positive + energised all day by taking time to exercise. Short on time? Set your alarm to prompt you to move for 5-10 minutes every 50mins. Notice the difference at the end of the day!\n\n#entrepreneurlife #energy'"
b'Want To Retire Rich And Happy? Avoid These 7 Selling Your Business Myths https://t.co/7e3TD4oSAo #entrepreneurship #entrepreneurlife #smallbusiness'
"b""Why You'll Always Lose Until You Master The Golden Rule For Selling Your Business https://t.co/ptiNHFIUfd #entrepreneurship #entrepreneurlife #smallbusiness"""
"b'""Without hard work, nothing grows but weeds. "" - Gordon B. Hinckley \xf0\x9f\x90\xba\n#motivation #quoteoftheday #qotd #lifestyle #business #entrepreneurlife #passiveincome #copytrading #fxcopytrading #fxtr #expensive #luxury https://t.co/bmKNISozq4'"
"b'RT @TGRmovie: ""Success is good at any age, but the sooner you find it, the longer you will enjoy it."" - Napoleon Hill \n#thinkandgrowrich #m\xe2\x80\xa6'"
"b'Had a 2 mile walk to get away from the phones\xf0\x9f\x93\xb1, computer \xf0\x9f\x92\xbb and work, to clear my mind and recharge. \xf0\x9f\x98\x8e\xf0\x9f\x9a\xb6\xe2\x80\x8d\xe2\x99\x80\xef\xb8\x8f\xf0\x9f\x98\x83#SaturdayMotivation #SaturdayThoughts #entrepreneurlife #Inspiration https://t.co/qNzhahVSEl'"
"b'Had a 2 mile walk to get away from the phones\xf0\x9f\x93\xb1, computer \xf0\x9f\x92\xbb and work, to clear my mind and recharge. \xf0\x9f\x98\x8e\xf0\x9f\x9a\xb6\xe2\x80\x8d\xe2\x99\x80\xef\xb8\x8f\xf0\x9f\x98\x83#SaturdayMotivation #SaturdayThoughts #entrepreneurlife #Inspiration https://t.co/g2clhjmsgi'"
"b'Had a 2 mile walk to get away from the phones\xf0\x9f\x93\xb1, computer \xf0\x9f\x92\xbb and work, to clear my mind and recharge. \xf0\x9f\x98\x8e\xf0\x9f\x9a\xb6\xe2\x80\x8d\xe2\x99\x80\xef\xb8\x8f\xf0\x9f\x98\x83#SaturdayMotivation #SaturdayThoughts #entrepreneurlife #Inspiration https://t.co/grB56N5S6D'"
"b'Had a 2 mile walk to get away from the phones\xf0\x9f\x93\xb1, computer \xf0\x9f\x92\xbb and work, to clear my mind and recharge. \xf0\x9f\x98\x8e\xf0\x9f\x9a\xb6\xe2\x80\x8d\xe2\x99\x80\xef\xb8\x8f\xf0\x9f\x98\x83#SaturdayMotivation #SaturdayThoughts #entrepreneurlife #Inspiration https://t.co/gZNH11bcmr'"
b'All work and no play makes for a\xe2\x80\xa6\nburnt out business owner!! \xf0\x9f\x99\x85\xf0\x9f\x8f\xbc\xe2\x80\x8d\xe2\x99\x80\xef\xb8\x8f\n\nCheck out why even creatives\nneed to take a vacation!! \xf0\x9f\x91\x89\xf0\x9f\x8f\xbb https://t.co/MjeLzwJTfV \n#worklifebalance #entrepreneurlife #solopreneur https://t.co/Tn7TvH3GwD'
"b'RT @uKheshe: Get down to @PicknPay and get your own #ukheshe Masterpass QR payment card , no bank account needed !!   FSP 45133 T&amp;C\xe2\x80\x99s #entr\xe2\x80\xa6'"
"b'#doit now! Not later, not tomorrow... Today! . . #quotes #quotestoliveby #quotesoftheday #picoftheday #garyvee #success #successquotes #hustle #work #workhard #entrepreneur #entrepreneurlife #marketing  #chicago #newyork #miami #losangeles #atlanta https://t.co/fzjKN8e4I5'"
b'RT @JeffreyFeldberg: Create A Life Worth Living If You Want To Be #Successful And Happy  https://t.co/OJPoUYgSKg #entrepreneurlife #entrepr\xe2\x80\xa6'
b'Create A Life Worth Living If You Want To Be #Successful And Happy  https://t.co/OJPoUYgSKg #entrepreneurlife #entrepreneur #business'
"b'RT @TGRmovie: ""Success is good at any age, but the sooner you find it, the longer you will enjoy it."" - Napoleon Hill \n#thinkandgrowrich #m\xe2\x80\xa6'"
b'Ever wonder how you can help our conscious community? #ethicalfashion #supportive #smallbusinessowner #entrepreneurlife #Entrepreneurs #consciousliving #bethechange #smallbusiness #CommunityEngagement \nhttps://t.co/Jxt3hRuBUl'
b'RT @patrickmhull: \xf0\x9f\x91\x8d\xf0\x9f\x8f\xbb\xf0\x9f\x91\x8d\xf0\x9f\x8f\xbb to the weekend! We\xe2\x80\x99re excited to get out on the water with @carefreeboatclubrva! #rva\n.\n.\n.\n.\n.\n#serialentrepreneur\xe2\x80\xa6'
"b'No matter how big and grand your dreams might be, you will only be GREAT because you GOT STARTED.\n\n#StartYourImpossible\n#EntrepreneurLIFE'"
b'Selling Your Business? 5 Of The Best Strategies You Really Need To Know https://t.co/IecQABFwbI #entrepreneurship #entrepreneurlife #smallbusiness'
"b""Travis Huff Aka 2TALLIN' \xf0\x9f\x98\x89 on : \xe2\x80\x9cGive LIFE A chance! #entrepreneurs #entrepreneurship #entrepreneurlife #business #businessman #quoteoftheday #businesswoman #businessowner\xe2\x80\xa6\xe2\x80\x9d https://t.co/NIFo1lbkBd  #Entrepreneurship"""
b'How Many Of These Horrible #Success Myths Do You Believe?  https://t.co/RZHeBmXqUi #entrepreneurlife #entrepreneur #business'
"b'RT @uKheshe: Get down to @PicknPay and get your own #ukheshe Masterpass QR payment card , no bank account needed !!   FSP 45133 T&amp;C\xe2\x80\x99s #entr\xe2\x80\xa6'"
b'5 Steps to attract more clients and prospects https://t.co/VnEMXQkfhr   #entrepreneurlife\n#askdrmemo'
b'\xf0\x9f\x91\x8d\xf0\x9f\x8f\xbb\xf0\x9f\x91\x8d\xf0\x9f\x8f\xbb to the weekend! We\xe2\x80\x99re excited to get out on the water with @carefreeboatclubrva! #rva\n.\n.\n.\n.\n.\n#serialentrepreneur #entrepreneur #entrepreneurial #entrepreneurialmindset #entrepreneurlife #startupbusiness #startupideas #businessstrategy #businessin\xe2\x80\xa6 https://t.co/xMggo2WHYt https://t.co/ow1l3vQpdr'
b'Give thanks for good and bad - learn from all.\n#leader #leadership #leadershipdevelopment #leaders #boss #bosslady #bossbabe #entrepreneur #entrepreneurlife #entrepreneurship #beyourownboss #beyourownbosslady #yoga\xe2\x80\xa6 https://t.co/kOSCM4leAe'
"b'As an entrepreneur with a full-time job, it is super important to keep myself organized.\n\nThis project board has been floating around my brain &amp; now it\xe2\x80\x99s finally out in the world as a cork board + stickies tool to help me keep all my trains moving.\n#entrepreneurlife https://t.co/qlWXd0uLyH'"
b'Think about it \xf0\x9f\x99\x8f\xf0\x9f\x8f\xbc\n.\n.\n.\n.\n.\n#entrepreneurlife #entrepreneur #entrepreneurship #entrepreneurquotes #themindunleashed #mindunleashed #mindset #mindfulness #happy #hope #selflove #goinward #selfcare #morganfreeman #freeman #criticism #criticalpeoplesuck #ha\xe2\x80\xa6 https://t.co/YfrncEKWZx https://t.co/5SjCCO5j1i'
b'Pop Up Shop!!! #wynwoodmarketplace #wynwood \n@ThrifterCOOL \n@SWARMwithus\n\n #thriftermarket #networking #business #businessgrowth #Entrepreneurship #SmallBusiness #cigars #artwalk #massdistrict #Motivated #entrepreneurlife \n@hapi_nile #HappySaturday #SaturdayMotivation'
b'The legacy of heroes...www.azanatek.com #entrepreneur #entrepreneurs #entrepreneurship #entrepreneurlife #businessquotes #businessman #quoteoftheday #inspiredaily #inspiration #success #motivation #Motivational #Inspirational #StartupLifestyle #hustle https://t.co/aYiY1XCoW1'
b'The legacy of heroes...www.azanatek.com #entrepreneur #entrepreneurs #entrepreneurship #entrepreneurlife #businessquotes #businessman #quoteoftheday #inspiredaily #inspiration #success #motivation #Motivational #Inspirational #StartupLifestyle #hustle https://t.co/iPXPNUg2yC'
b'RT @2TALLINmania: We decide our Habits and they decide our FUTURE!  #entrepreneurs #entrepreneurship #entrepreneurlife #business #businessm\xe2\x80\xa6'
b'Recession warning! Bond markets are sending one big global signal! #business #economy #entrepreneur #entrepreneurlife  https://t.co/SrKUZhRMpr'
"b""If Disney can see room for growth,  why can't you?\n\n #sidehustles #networkmarketing #entrepreneurlife #businessowners #entreprenuer #winners #growth #disney https://t.co/fqwNPxWiSB"""
"b'""If you don\'t play you can\'t win.""  Judith McNaught\n\nhttps://t.co/t2cAKlmBAN\n\nquotes #winning success #inspiration #Entrepreneurlife'"
b'RT @EvntSoluDC: What are you waiting for? I\xe2\x80\x99ve already talked to two clients! All from bed. Have a beautiful Saturday! #business #workfromh\xe2\x80\xa6'
b'Woman Looking For Love Through Cab Ad https://t.co/8e6dnXqpPl #entrepreneurlife #entrepreneurship #smallbusiness'
b'Happy Saturday! Hope everyone is enjoy the weekend! \xe2\x81\xa3\n\xe2\x81\xa3\n\xe2\x81\xa3\n#saturday #weekendvibes #workhard #progress #perseverance #dontgiveuponyourdreams #freedom #entrepreneur #entrepreneurlife #goals #realestateinvestor #illinois #rockfordil #zpbuyshouses #zpinnovativeinvestments https://t.co/9A5gNkkCLr'
b'RT @SeanGreentree: 50 Best Habits Of Successful Entrepreneurs #Entrepreneurs #entrepreneurlife #Marketing https://t.co/ksbRecC6yp https://t\xe2\x80\xa6'
"b'RT @uKheshe: Get down to @PicknPay and get your own #ukheshe Masterpass QR payment card , no bank account needed !!   FSP 45133 T&amp;C\xe2\x80\x99s #entr\xe2\x80\xa6'"
b'RT @DonaDeane: The Importance of an Abundance Mindset for Business Leaders\xc2\xa0\n\nhttps://t.co/maoKLNa6qq \n\n#entrepreneur #business #success #en\xe2\x80\xa6'
b'The Importance of an Abundance Mindset for Business Leaders\xc2\xa0\n\nhttps://t.co/maoKLNa6qq \n\n#entrepreneur #business #success #entrepreneurship #entrepreneurlife #marketing #smallbusiness #love #startup #inspiration #money #hustle #businessowner #StrikeNetworkGroup #donamdeane'
b'7 Powerful Ways to Create a Breakthrough #Morning #Routine \n\n#Productivity #Meditation #Exercise #SelfImprovement #LifeLessons #success #hustle #wealth #startup #grind #motivational #ambition #entrepreneurlife #hardwork #hardestworkerintheroom #aimhigh\nhttps://t.co/QzrmanD6SD'
"b""The only person's opinion that matters is yours.  You're only in competition with yourself!  #EntrepreneurLife #MindsetMatters https://t.co/bbhKGD616C"""
"b'Not the best weather for it, but as the villiage is doing a yard sale day, they are having a lemonade stand!\n.\n.\n.\n#homeschoollife #lemonadestand #entrepreneur #entrepreneurlife https://t.co/ZD3zWev9Ka https://t.co/6vN2vDByOD'"
"b'RT @Arunmbakvp: If you cannot do #great things, do #small things in a great way.....#entrepreneur #entrepreneurs #entrepreneurlife #entrepr\xe2\x80\xa6'"
b'Why You Must Compete Against Yourself Today So You Can Dominate And Win Tomorrow https://t.co/jPMW9pnclD #exitplanning #entrepreneurlife https://t.co/vhda9vjqDh'
